,Date,Tm,Home_Away,Opp,R,RA,W-L,Rank,GB,D/N,Streak
1,"Wednesday, Mar 28",OAK,Home,SEA,1.0,3.0,0-1,4.0,1.0,N,-1
2,"Thursday, Mar 29",OAK,Home,SEA,4.0,1.0,1-1,1.0,Tied,N,1
3,"Friday, Apr 6",OAK,Home,SEA,3.0,7.0,1-2,4.0,1.0,N,-1
4,"Saturday, Apr 7",OAK,Home,SEA,7.0,8.0,1-3,4.0,2.0,N,-2
5,"Monday, Apr 9",OAK,Home,KCR,1.0,0.0,2-3,4.0,1.5,N,1
6,"Tuesday, Apr 10",OAK,Home,KCR,0.0,3.0,2-4,4.0,2.5,N,-1
7,"Wednesday, Apr 11",OAK,Home,KCR,5.0,4.0,3-4,3.0,1.5,D,1
8,"Friday, Apr 13",OAK,@,SEA,4.0,0.0,4-4,2.0,2.0,N,2
9,"Saturday, Apr 14",OAK,@,SEA,0.0,4.0,4-5,3.0,3.0,N,-1
10,"Sunday, Apr 15",OAK,@,SEA,3.0,5.0,4-6,3.0,4.0,D,-2
11,"Monday, Apr 16",OAK,@,LAA,0.0,6.0,4-7,4.0,4.5,N,-3
12,"Tuesday, Apr 17",OAK,@,LAA,5.0,3.0,5-7,3.0,4.5,N,1
13,"Wednesday, Apr 18",OAK,@,LAA,6.0,0.0,6-7,3.0,4.5,N,2
14,"Thursday, Apr 19",OAK,@,LAA,4.0,2.0,7-7,2.0,4.5,N,3
15,"Friday, Apr 20",OAK,Home,CLE,3.0,4.0,7-8,2.0,5.0,N,-1
16,"Saturday, Apr 21",OAK,Home,CLE,1.0,5.0,7-9,2.0,5.5,N,-2
17,"Sunday, Apr 22",OAK,Home,CLE,5.0,1.0,8-9,2.0,5.5,D,1
18,"Monday, Apr 23",OAK,Home,CHW,0.0,4.0,8-10,2.0,5.5,N,-1
19,"Tuesday, Apr 24",OAK,Home,CHW,2.0,0.0,9-10,2.0,5.5,N,1
20,"Wednesday, Apr 25",OAK,Home,CHW,5.0,4.0,10-10,2.0,5.5,D,2
21,"Friday, Apr 27",OAK,@,BAL,5.0,2.0,11-10,2.0,4.5,N,3
22,"Saturday, Apr 28",OAK,@,BAL,1.0,10.0,11-11,2.0,5.5,N,-1
23,"Sunday, Apr 29",OAK,@,BAL,2.0,5.0,11-12,2.0,5.5,D,-2
24,"Monday, Apr 30",OAK,@,BOS,6.0,11.0,11-13,2.0,6.5,N,-3
25,"Tuesday, May 1",OAK,@,BOS,5.0,3.0,12-13,2.0,5.5,N,1
26,"Wednesday, May 2",OAK,@,BOS,4.0,2.0,13-13,2.0,4.5,N,2
27,"Friday, May 4",OAK,@,TBR,2.0,7.0,13-14,2.0,4.5,N,-1
28,"Saturday, May 5",OAK,@,TBR,4.0,3.0,14-14,2.0,4.5,N,1
29,"Sunday, May 6",OAK,@,TBR,9.0,5.0,15-14,2.0,3.5,D,2
30,"Tuesday, May 8",OAK,Home,TOR,7.0,3.0,16-14,2.0,4.0,N,3
31,"Wednesday, May 9",OAK,Home,TOR,2.0,5.0,16-15,2.0,4.5,D,-1
32,"Thursday, May 10",OAK,Home,DET,6.0,10.0,16-16,2.0,5.0,N,-2
33,"Friday, May 11",OAK,Home,DET,11.0,4.0,17-16,2.0,5.0,N,1
34,"Saturday, May 12",OAK,Home,DET,3.0,1.0,18-16,2.0,4.0,N,2
35,"Sunday, May 13",OAK,Home,DET,1.0,3.0,18-17,2.0,5.0,D,-1
36,"Monday, May 14",OAK,@,LAA,5.0,0.0,19-17,2.0,4.0,N,1
37,"Tuesday, May 15",OAK,@,LAA,0.0,4.0,19-18,2.0,4.0,D,-1
38,"Wednesday, May 16",OAK,@,TEX,1.0,4.0,19-19,2.0,5.0,N,-2
39,"Thursday, May 17",OAK,@,TEX,5.0,4.0,20-19,2.0,4.0,D,1
40,"Friday, May 18",OAK,@,SFG,6.0,8.0,20-20,2.0,5.0,N,-1
41,"Saturday, May 19",OAK,@,SFG,0.0,4.0,20-21,2.0,5.0,D,-2
42,"Sunday, May 20",OAK,@,SFG,6.0,2.0,21-21,2.0,5.0,D,1
43,"Monday, May 21",OAK,Home,LAA,2.0,1.0,22-21,2.0,4.0,N,2
44,"Tuesday, May 22",OAK,Home,LAA,0.0,5.0,22-22,2.0,5.0,N,-1
45,"Wednesday, May 23",OAK,Home,LAA,1.0,3.0,22-23,2.0,5.0,D,-2
46,"Friday, May 25",OAK,Home,NYY,3.0,6.0,22-24,2.0,6.0,N,-3
47,"Saturday, May 26",OAK,Home,NYY,2.0,9.0,22-25,3.0,7.0,D,-4
48,"Sunday, May 27",OAK,Home,NYY,0.0,2.0,22-26,3.0,8.0,D,-5
49,"Monday, May 28",OAK,@,MIN,4.0,5.0,22-27,3.0,9.0,D,-6
50,"Tuesday, May 29",OAK,@,MIN,2.0,3.0,22-28,3.0,9.0,N,-7
51,"Wednesday, May 30",OAK,@,MIN,0.0,4.0,22-29,3.0,9.0,D,-8
52,"Friday, Jun 1",OAK,@,KCR,0.0,2.0,22-30,3.0,9.0,N,-9
53,"Saturday, Jun 2",OAK,@,KCR,9.0,3.0,23-30,3.0,8.0,D,1
54,"Sunday, Jun 3",OAK,@,KCR,0.0,2.0,23-31,3.0,9.0,D,-1
55,"Monday, Jun 4",OAK,Home,TEX,12.0,1.0,24-31,3.0,8.0,N,1
56,"Tuesday, Jun 5",OAK,Home,TEX,3.0,6.0,24-32,3.0,9.0,N,-1
57,"Wednesday, Jun 6",OAK,Home,TEX,2.0,0.0,25-32,3.0,8.0,N,1
58,"Thursday, Jun 7",OAK,Home,TEX,7.0,1.0,26-32,3.0,7.0,D,2
59,"Friday, Jun 8",OAK,@,ARI,8.0,9.0,26-33,4.0,8.0,N,-1
60,"Saturday, Jun 9",OAK,@,ARI,3.0,8.0,26-34,4.0,8.0,N,-2
61,"Sunday, Jun 10",OAK,@,ARI,3.0,4.0,26-35,4.0,9.0,D,-3
62,"Tuesday, Jun 12",OAK,@,COL,8.0,5.0,27-35,3.0,9.0,N,1
63,"Wednesday, Jun 13",OAK,@,COL,10.0,8.0,28-35,3.0,9.0,N,2
64,"Thursday, Jun 14",OAK,@,COL,8.0,2.0,29-35,3.0,8.0,D,3
65,"Friday, Jun 15",OAK,Home,SDP,10.0,2.0,30-35,3.0,8.0,N,4
66,"Saturday, Jun 16",OAK,Home,SDP,6.0,4.0,31-35,3.0,8.0,D,5
67,"Sunday, Jun 17",OAK,Home,SDP,1.0,2.0,31-36,3.0,9.0,D,-1
68,"Tuesday, Jun 19",OAK,Home,LAD,3.0,0.0,32-36,3.0,9.5,N,1
69,"Wednesday, Jun 20",OAK,Home,LAD,4.0,1.0,33-36,3.0,9.5,N,2
70,"Thursday, Jun 21",OAK,Home,LAD,4.0,1.0,34-36,3.0,9.0,D,3
71,"Friday, Jun 22",OAK,Home,SFG,4.0,5.0,34-37,3.0,10.0,N,-1
72,"Saturday, Jun 23",OAK,Home,SFG,8.0,9.0,34-38,3.0,10.0,D,-2
73,"Sunday, Jun 24",OAK,Home,SFG,4.0,2.0,35-38,3.0,10.0,D,1
74,"Monday, Jun 25",OAK,@,SEA,1.0,0.0,36-38,3.0,9.0,N,2
75,"Tuesday, Jun 26",OAK,@,SEA,2.0,3.0,36-39,3.0,10.0,N,-1
76,"Wednesday, Jun 27",OAK,@,SEA,2.0,1.0,37-39,3.0,10.0,D,1
77,"Thursday, Jun 28",OAK,@,TEX,6.0,7.0,37-40,3.0,11.0,N,-1
78,"Friday, Jun 29",OAK,@,TEX,3.0,4.0,37-41,3.0,12.0,N,-2
79,"Saturday, Jun 30",OAK,@,TEX,2.0,7.0,37-42,3.0,13.0,N,-3
80,"Sunday, Jul 1",OAK,@,TEX,3.0,1.0,38-42,3.0,12.0,N,1
81,"Monday, Jul 2",OAK,Home,BOS,6.0,1.0,39-42,3.0,11.5,N,2
82,"Tuesday, Jul 3",OAK,Home,BOS,3.0,2.0,40-42,3.0,10.5,N,3
83,"Wednesday, Jul 4",OAK,Home,BOS,3.0,2.0,41-42,3.0,9.5,D,4
84,"Friday, Jul 6",OAK,Home,SEA,4.0,1.0,42-42,3.0,8.0,N,5
85,"Saturday, Jul 7",OAK,Home,SEA,1.0,7.0,42-43,3.0,9.0,N,-1
86,"Sunday, Jul 8",OAK,Home,SEA,2.0,1.0,43-43,3.0,9.0,D,1
87,"Friday, Jul 13",OAK,@,MIN,6.0,3.0,44-43,3.0,9.0,N,2
88,"Saturday, Jul 14",OAK,@,MIN,9.0,3.0,45-43,3.0,8.0,N,3
89,"Sunday, Jul 15",OAK,@,MIN,9.0,4.0,46-43,3.0,8.0,D,4
90,"Tuesday, Jul 17",OAK,Home,TEX,1.0,6.0,46-44,3.0,9.0,N,-1
91,"Wednesday, Jul 18",OAK,Home,TEX,4.0,3.0,47-44,3.0,8.0,D,1
92,"Thursday, Jul 19",OAK,Home,NYY,4.0,3.0,48-44,3.0,7.5,N,2
93,"Friday, Jul 20",OAK,Home,NYY,3.0,2.0,49-44,3.0,6.5,N,3
94,"Saturday, Jul 21",OAK,Home,NYY,2.0,1.0,50-44,3.0,6.5,N,4
95,"Sunday, Jul 22",OAK,Home,NYY,5.0,4.0,51-44,3.0,5.5,D,5
96,"Tuesday, Jul 24",OAK,@,TOR,7.0,2.0,52-44,2.0,5.0,N,6
97,"Wednesday, Jul 25",OAK,@,TOR,16.0,0.0,53-44,2.0,5.0,N,7
98,"Thursday, Jul 26",OAK,@,TOR,4.0,10.0,53-45,3.0,5.5,D,-1
99,"Friday, Jul 27",OAK,@,BAL,14.0,9.0,54-45,3.0,4.5,N,1
100,"Saturday, Jul 28",OAK,@,BAL,6.0,1.0,55-45,2.0,3.5,N,2
101,"Sunday, Jul 29",OAK,@,BAL,1.0,6.0,55-46,2.0,4.5,D,-1
102,"Monday, Jul 30",OAK,Home,TBR,4.0,3.0,56-46,2.0,3.5,N,1
103,"Tuesday, Jul 31",OAK,Home,TBR,0.0,8.0,56-47,3.0,3.5,N,-1
104,"Wednesday, Aug 1",OAK,Home,TBR,1.0,4.0,56-48,3.0,4.5,D,-2
105,"Thursday, Aug 2",OAK,Home,TOR,4.0,1.0,57-48,2.0,4.5,N,1
106,"Friday, Aug 3",OAK,Home,TOR,5.0,4.0,58-48,2.0,4.5,N,2
107,"Saturday, Aug 4",OAK,Home,TOR,1.0,3.0,58-49,2.0,5.5,D,-1
108,"Sunday, Aug 5",OAK,Home,TOR,5.0,6.0,58-50,2.0,5.5,D,-2
109,"Monday, Aug 6",OAK,Home,LAA,0.0,4.0,58-51,3.0,5.5,N,-3
110,"Tuesday, Aug 7",OAK,Home,LAA,10.0,4.0,59-51,2.0,5.5,N,1
111,"Wednesday, Aug 8",OAK,Home,LAA,9.0,8.0,60-51,2.0,5.5,D,2
112,"Friday, Aug 10",OAK,@,CHW,3.0,4.0,60-52,2.0,5.5,N,-1
113,"Saturday, Aug 11",OAK,@,CHW,9.0,7.0,61-52,2.0,5.5,N,1
114,"Sunday, Aug 12",OAK,@,CHW,3.0,7.0,61-53,2.0,6.5,D,-1
115,"Tuesday, Aug 14",OAK,@,KCR,0.0,5.0,61-54,2.0,6.0,N,-2
116,"Wednesday, Aug 15",OAK,@,KCR,2.0,3.0,61-55,2.0,6.0,N,-3
117,"Thursday, Aug 16",OAK,@,KCR,3.0,0.0,62-55,2.0,6.0,N,1
118,"Friday, Aug 17",OAK,Home,CLE,6.0,4.0,63-55,2.0,5.0,N,2
119,"Saturday, Aug 18",OAK,Home,CLE,8.0,5.0,64-55,2.0,5.0,N,3
120,"Sunday, Aug 19",OAK,Home,CLE,7.0,0.0,65-55,2.0,5.0,D,4
121,"Monday, Aug 20",OAK,Home,MIN,2.0,7.0,65-56,2.0,6.0,N,-1
122,"Tuesday, Aug 21",OAK,Home,MIN,4.0,1.0,66-56,2.0,5.0,N,1
123,"Wednesday, Aug 22",OAK,Home,MIN,5.0,1.0,67-56,2.0,5.0,D,2
124,"Thursday, Aug 23",OAK,@,TBR,0.0,5.0,67-57,2.0,6.0,N,-1
125,"Friday, Aug 24",OAK,@,TBR,5.0,4.0,68-57,2.0,6.0,N,1
126,"Saturday, Aug 25",OAK,@,TBR,4.0,2.0,69-57,2.0,6.0,D,2
127,"Monday, Aug 27",OAK,@,CLE,3.0,0.0,70-57,2.0,5.5,N,3
128,"Tuesday, Aug 28",OAK,@,CLE,7.0,0.0,71-57,2.0,5.5,N,4
129,"Wednesday, Aug 29",OAK,@,CLE,8.0,4.0,72-57,2.0,4.5,N,5
130,"Thursday, Aug 30",OAK,@,CLE,12.0,7.0,73-57,2.0,4.0,D,6
131,"Friday, Aug 31",OAK,Home,BOS,20.0,2.0,74-57,2.0,4.0,N,7
132,"Saturday, Sep 1",OAK,Home,BOS,7.0,1.0,75-57,2.0,3.0,N,8
133,"Sunday, Sep 2",OAK,Home,BOS,6.0,2.0,76-57,2.0,3.0,D,9
134,"Monday, Sep 3",OAK,Home,LAA,3.0,8.0,76-58,2.0,4.0,D,-1
135,"Tuesday, Sep 4",OAK,Home,LAA,1.0,6.0,76-59,2.0,4.0,N,-2
136,"Wednesday, Sep 5",OAK,Home,LAA,1.0,7.0,76-60,2.0,5.0,D,-3
137,"Friday, Sep 7",OAK,@,SEA,6.0,1.0,77-60,2.0,4.5,N,1
138,"Saturday, Sep 8",OAK,@,SEA,6.0,1.0,78-60,2.0,4.5,N,2
139,"Sunday, Sep 9",OAK,@,SEA,4.0,2.0,79-60,2.0,3.5,D,3
140,"Monday, Sep 10",OAK,@,LAA,3.0,1.0,80-60,2.0,3.0,N,4
141,"Tuesday, Sep 11",OAK,@,LAA,6.0,5.0,81-60,2.0,3.0,N,5
142,"Wednesday, Sep 12",OAK,@,LAA,4.0,1.0,82-60,2.0,3.0,N,6
143,"Thursday, Sep 13",OAK,@,LAA,0.0,6.0,82-61,2.0,3.0,D,-1
144,"Friday, Sep 14",OAK,Home,BAL,3.0,2.0,83-61,2.0,3.0,N,1
145,"Saturday, Sep 15",OAK,Home,BAL,5.0,2.0,84-61,2.0,2.0,N,2
146,"Sunday, Sep 16",OAK,Home,BAL,5.0,9.0,84-62,2.0,3.0,D,-1
147,"Tuesday, Sep 18",OAK,@,DET,2.0,12.0,84-63,2.0,3.0,N,-2
148,"Wednesday, Sep 19",OAK,@,DET,2.0,6.0,84-64,2.0,4.0,N,-3
149,"Thursday, Sep 20",OAK,@,DET,12.0,4.0,85-64,2.0,4.0,D,1
150,"Friday, Sep 21",OAK,@,NYY,1.0,2.0,85-65,2.0,4.0,N,-1
151,"Saturday, Sep 22",OAK,@,NYY,9.0,10.0,85-66,2.0,4.0,D,-2
152,"Sunday, Sep 23",OAK,@,NYY,5.0,4.0,86-66,2.0,4.0,D,1
153,"Monday, Sep 24",OAK,@,TEX,4.0,5.0,86-67,2.0,5.0,N,-1
154,"Tuesday, Sep 25",OAK,@,TEX,3.0,2.0,87-67,2.0,4.0,N,1
155,"Wednesday, Sep 26",OAK,@,TEX,9.0,3.0,88-67,2.0,3.0,N,2
156,"Thursday, Sep 27",OAK,@,TEX,7.0,9.0,88-68,2.0,4.0,D,-1
157,"Friday, Sep 28",OAK,Home,SEA,8.0,2.0,89-68,2.0,3.0,N,1
158,"Saturday, Sep 29",OAK,Home,SEA,7.0,4.0,90-68,2.0,2.5,D,2
159,"Sunday, Sep 30",OAK,Home,SEA,5.0,2.0,91-68,2.0,2.0,D,3
160,"Monday, Oct 1",OAK,Home,TEX,4.0,3.0,92-68,2.0,1.0,N,4
161,"Tuesday, Oct 2",OAK,Home,TEX,3.0,1.0,93-68,1.0,Tied,N,5
162,"Wednesday, Oct 3",OAK,Home,TEX,12.0,5.0,94-68,1.0,up 1.0,D,6
1,"Monday, Apr 1",OAK,Home,SEA,0.0,2.0,0-1,4.0,1.0,N,-1
2,"Tuesday, Apr 2",OAK,Home,SEA,1.0,7.0,0-2,5.0,2.0,N,-2
3,"Wednesday, Apr 3",OAK,Home,SEA,6.0,2.0,1-2,4.0,1.0,N,1
4,"Thursday, Apr 4",OAK,Home,SEA,8.0,2.0,2-2,2.0,0.5,D,2
5,"Friday, Apr 5",OAK,@,HOU,8.0,3.0,3-2,2.0,0.5,N,3
6,"Saturday, Apr 6",OAK,@,HOU,6.0,3.0,4-2,1.0,up 0.5,N,4
7,"Sunday, Apr 7",OAK,@,HOU,9.0,3.0,5-2,1.0,up 0.5,D,5
8,"Tuesday, Apr 9",OAK,@,LAA,9.0,5.0,6-2,1.0,Tied,N,6
9,"Wednesday, Apr 10",OAK,@,LAA,11.0,5.0,7-2,1.0,up 1.0,N,7
10,"Thursday, Apr 11",OAK,@,LAA,8.0,1.0,8-2,1.0,up 1.0,N,8
11,"Friday, Apr 12",OAK,Home,DET,4.0,3.0,9-2,1.0,up 2.0,N,9
12,"Saturday, Apr 13",OAK,Home,DET,3.0,7.0,9-3,1.0,up 1.0,D,-1
13,"Sunday, Apr 14",OAK,Home,DET,1.0,10.0,9-4,1.0,up 1.0,D,-2
14,"Monday, Apr 15",OAK,Home,HOU,11.0,2.0,10-4,1.0,up 1.5,N,1
15,"Tuesday, Apr 16",OAK,Home,HOU,4.0,3.0,11-4,1.0,up 1.5,N,2
16,"Wednesday, Apr 17",OAK,Home,HOU,7.0,5.0,12-4,1.0,up 2.0,D,3
17,"Friday, Apr 19",OAK,@,TBR,3.0,8.0,12-5,1.0,up 1.5,N,-1
18,"Saturday, Apr 20",OAK,@,TBR,0.0,1.0,12-6,1.0,up 0.5,N,-2
19,"Sunday, Apr 21",OAK,@,TBR,1.0,8.0,12-7,2.0,0.5,D,-3
20,"Monday, Apr 22",OAK,@,BOS,6.0,9.0,12-8,2.0,1.5,N,-4
21,"Tuesday, Apr 23",OAK,@,BOS,13.0,0.0,13-8,2.0,0.5,N,1
22,"Wednesday, Apr 24",OAK,@,BOS,5.0,6.0,13-9,2.0,1.5,D,-1
23,"Thursday, Apr 25",OAK,Home,BAL,2.0,10.0,13-10,2.0,2.5,N,-2
24,"Friday, Apr 26",OAK,Home,BAL,0.0,3.0,13-11,2.0,3.5,N,-3
25,"Saturday, Apr 27",OAK,Home,BAL,3.0,7.0,13-12,2.0,3.5,D,-4
26,"Sunday, Apr 28",OAK,Home,BAL,9.0,8.0,14-12,2.0,2.5,D,1
27,"Monday, Apr 29",OAK,Home,LAA,10.0,8.0,15-12,2.0,2.0,N,2
28,"Tuesday, Apr 30",OAK,Home,LAA,10.0,6.0,16-12,2.0,2.0,N,3
29,"Wednesday, May 1",OAK,Home,LAA,4.0,5.0,16-13,2.0,2.0,D,-1
30,"Friday, May 3",OAK,@,NYY,2.0,0.0,17-13,2.0,1.5,N,1
31,"Saturday, May 4",OAK,@,NYY,2.0,4.0,17-14,2.0,2.5,D,-1
32,"Sunday, May 5",OAK,@,NYY,5.0,4.0,18-14,2.0,2.5,D,1
33,"Monday, May 6",OAK,@,CLE,3.0,7.0,18-15,2.0,2.5,N,-1
34,"Tuesday, May 7",OAK,@,CLE,0.0,1.0,18-16,2.0,2.5,N,-2
35,"Wednesday, May 8",OAK,@,CLE,3.0,4.0,18-17,2.0,3.5,N,-3
36,"Thursday, May 9",OAK,@,CLE,2.0,9.0,18-18,2.0,4.0,D,-4
37,"Friday, May 10",OAK,@,SEA,3.0,6.0,18-19,2.0,5.0,N,-5
38,"Saturday, May 11",OAK,@,SEA,4.0,3.0,19-19,2.0,5.0,N,1
39,"Sunday, May 12",OAK,@,SEA,1.0,6.0,19-20,2.0,6.0,D,-1
40,"Monday, May 13",OAK,Home,TEX,5.0,1.0,20-20,2.0,5.0,N,1
41,"Tuesday, May 14",OAK,Home,TEX,5.0,6.0,20-21,2.0,6.0,N,-1
42,"Wednesday, May 15",OAK,Home,TEX,2.0,6.0,20-22,2.0,7.0,D,-2
43,"Friday, May 17",OAK,Home,KCR,2.0,1.0,21-22,2.0,6.5,N,1
44,"Saturday, May 18",OAK,Home,KCR,2.0,1.0,22-22,2.0,6.5,N,2
45,"Sunday, May 19",OAK,Home,KCR,4.0,3.0,23-22,2.0,6.5,D,3
46,"Monday, May 20",OAK,@,TEX,9.0,2.0,24-22,2.0,5.5,N,4
47,"Tuesday, May 21",OAK,@,TEX,1.0,0.0,25-22,2.0,4.5,N,5
48,"Wednesday, May 22",OAK,@,TEX,1.0,3.0,25-23,2.0,5.5,D,-1
49,"Friday, May 24",OAK,@,HOU,6.0,5.0,26-23,2.0,5.5,N,1
50,"Saturday, May 25",OAK,@,HOU,11.0,5.0,27-23,2.0,5.5,N,2
51,"Sunday, May 26",OAK,@,HOU,6.0,2.0,28-23,2.0,4.5,D,3
52,"Monday, May 27",OAK,Home,SFG,4.0,1.0,29-23,2.0,3.0,D,4
53,"Tuesday, May 28",OAK,Home,SFG,6.0,3.0,30-23,2.0,2.5,N,5
54,"Wednesday, May 29",OAK,@,SFG,9.0,6.0,31-23,2.0,2.0,N,6
55,"Thursday, May 30",OAK,@,SFG,2.0,5.0,31-24,2.0,3.0,D,-1
56,"Friday, May 31",OAK,Home,CHW,3.0,0.0,32-24,2.0,3.0,N,1
57,"Saturday, Jun 1",OAK,Home,CHW,4.0,3.0,33-24,2.0,2.0,D,2
58,"Sunday, Jun 2",OAK,Home,CHW,2.0,0.0,34-24,2.0,2.0,D,3
59,"Monday, Jun 3",OAK,@,MIL,10.0,2.0,35-24,2.0,1.5,N,4
60,"Tuesday, Jun 4",OAK,@,MIL,3.0,4.0,35-25,2.0,1.5,N,-1
61,"Wednesday, Jun 5",OAK,@,MIL,6.0,1.0,36-25,2.0,1.5,D,1
62,"Thursday, Jun 6",OAK,@,CHW,5.0,4.0,37-25,2.0,0.5,N,2
63,"Friday, Jun 7",OAK,@,CHW,4.0,3.0,38-25,1.0,up 0.5,N,3
64,"Saturday, Jun 8",OAK,@,CHW,1.0,4.0,38-26,1.0,up 0.5,D,-1
65,"Sunday, Jun 9",OAK,@,CHW,2.0,4.0,38-27,2.0,0.5,D,-2
66,"Tuesday, Jun 11",OAK,Home,NYY,6.0,4.0,39-27,1.0,Tied,N,1
67,"Wednesday, Jun 12",OAK,Home,NYY,5.0,2.0,40-27,1.0,up 1.0,N,2
68,"Thursday, Jun 13",OAK,Home,NYY,3.0,2.0,41-27,1.0,up 2.0,D,3
69,"Friday, Jun 14",OAK,Home,SEA,2.0,3.0,41-28,1.0,up 2.0,N,-1
70,"Saturday, Jun 15",OAK,Home,SEA,0.0,4.0,41-29,1.0,up 2.0,D,-2
71,"Sunday, Jun 16",OAK,Home,SEA,10.0,2.0,42-29,1.0,up 3.0,D,1
72,"Monday, Jun 17",OAK,@,TEX,7.0,8.0,42-30,1.0,up 2.0,N,-1
73,"Tuesday, Jun 18",OAK,@,TEX,6.0,2.0,43-30,1.0,up 3.0,N,1
74,"Wednesday, Jun 19",OAK,@,TEX,4.0,9.0,43-31,1.0,up 2.0,N,-1
75,"Thursday, Jun 20",OAK,@,TEX,3.0,4.0,43-32,1.0,up 1.0,D,-2
76,"Friday, Jun 21",OAK,@,SEA,6.0,3.0,44-32,1.0,up 1.0,N,1
77,"Saturday, Jun 22",OAK,@,SEA,5.0,7.0,44-33,1.0,Tied,N,-1
78,"Sunday, Jun 23",OAK,@,SEA,3.0,6.0,44-34,2.0,1.0,D,-2
79,"Tuesday, Jun 25",OAK,Home,CIN,7.0,3.0,45-34,1.0,Tied,N,1
80,"Wednesday, Jun 26",OAK,Home,CIN,5.0,0.0,46-34,1.0,Tied,D,2
81,"Friday, Jun 28",OAK,Home,STL,6.0,1.0,47-34,2.0,0.5,N,3
82,"Saturday, Jun 29",OAK,Home,STL,1.0,7.0,47-35,2.0,0.5,D,-1
83,"Sunday, Jun 30",OAK,Home,STL,7.0,5.0,48-35,2.0,0.5,D,1
84,"Tuesday, Jul 2",OAK,Home,CHC,8.0,7.0,49-35,1.0,up 0.5,N,2
85,"Wednesday, Jul 3",OAK,Home,CHC,1.0,3.0,49-36,1.0,up 0.5,N,-1
86,"Thursday, Jul 4",OAK,Home,CHC,1.0,0.0,50-36,1.0,up 0.5,D,1
87,"Friday, Jul 5",OAK,@,KCR,6.0,3.0,51-36,1.0,up 0.5,N,2
88,"Saturday, Jul 6",OAK,@,KCR,3.0,4.0,51-37,1.0,up 0.5,D,-1
89,"Sunday, Jul 7",OAK,@,KCR,10.0,4.0,52-37,1.0,up 0.5,D,1
90,"Monday, Jul 8",OAK,@,PIT,2.0,1.0,53-37,1.0,up 0.5,N,2
91,"Tuesday, Jul 9",OAK,@,PIT,2.0,1.0,54-37,1.0,up 0.5,N,3
92,"Wednesday, Jul 10",OAK,@,PIT,0.0,5.0,54-38,1.0,up 0.5,N,-1
93,"Friday, Jul 12",OAK,Home,BOS,2.0,4.0,54-39,1.0,up 1.0,N,-2
94,"Saturday, Jul 13",OAK,Home,BOS,3.0,0.0,55-39,1.0,up 1.0,N,1
95,"Sunday, Jul 14",OAK,Home,BOS,3.0,2.0,56-39,1.0,up 2.0,D,2
96,"Friday, Jul 19",OAK,@,LAA,1.0,4.0,56-40,1.0,up 2.0,N,-1
97,"Saturday, Jul 20",OAK,@,LAA,0.0,2.0,56-41,1.0,up 2.0,N,-2
98,"Sunday, Jul 21",OAK,@,LAA,6.0,0.0,57-41,1.0,up 3.0,D,1
99,"Monday, Jul 22",OAK,@,HOU,4.0,3.0,58-41,1.0,up 3.0,N,2
100,"Tuesday, Jul 23",OAK,@,HOU,4.0,5.0,58-42,1.0,up 3.0,N,-1
101,"Wednesday, Jul 24",OAK,@,HOU,4.0,3.0,59-42,1.0,up 3.0,D,1
102,"Thursday, Jul 25",OAK,Home,LAA,3.0,8.0,59-43,1.0,up 3.0,N,-1
103,"Friday, Jul 26",OAK,Home,LAA,6.0,4.0,60-43,1.0,up 4.0,N,1
104,"Saturday, Jul 27",OAK,Home,LAA,3.0,1.0,61-43,1.0,up 5.0,D,2
105,"Sunday, Jul 28",OAK,Home,LAA,10.0,6.0,62-43,1.0,up 6.0,D,3
106,"Monday, Jul 29",OAK,Home,TOR,9.0,4.0,63-43,1.0,up 6.0,N,4
107,"Tuesday, Jul 30",OAK,Home,TOR,0.0,5.0,63-44,1.0,up 5.0,N,-1
108,"Wednesday, Jul 31",OAK,Home,TOR,2.0,5.0,63-45,1.0,up 4.0,D,-2
109,"Friday, Aug 2",OAK,Home,TEX,3.0,8.0,63-46,1.0,up 2.5,N,-3
110,"Saturday, Aug 3",OAK,Home,TEX,4.0,2.0,64-46,1.0,up 3.5,D,1
111,"Sunday, Aug 4",OAK,Home,TEX,0.0,4.0,64-47,1.0,up 2.5,D,-1
112,"Tuesday, Aug 6",OAK,@,CIN,1.0,3.0,64-48,1.0,up 1.0,N,-2
113,"Wednesday, Aug 7",OAK,@,CIN,5.0,6.0,64-49,1.0,Tied,D,-3
114,"Friday, Aug 9",OAK,@,TOR,14.0,6.0,65-49,1.0,Tied,N,1
115,"Saturday, Aug 10",OAK,@,TOR,4.0,5.0,65-50,2.0,1.0,D,-1
116,"Sunday, Aug 11",OAK,@,TOR,6.0,4.0,66-50,2.0,1.0,D,1
117,"Monday, Aug 12",OAK,@,TOR,5.0,1.0,67-50,2.0,1.0,D,2
118,"Tuesday, Aug 13",OAK,Home,HOU,4.0,5.0,67-51,2.0,1.0,N,-1
119,"Wednesday, Aug 14",OAK,Home,HOU,1.0,2.0,67-52,2.0,2.0,N,-2
120,"Thursday, Aug 15",OAK,Home,HOU,5.0,0.0,68-52,2.0,1.5,D,1
121,"Friday, Aug 16",OAK,Home,CLE,3.0,2.0,69-52,2.0,0.5,N,2
122,"Saturday, Aug 17",OAK,Home,CLE,1.0,7.0,69-53,2.0,1.5,N,-1
123,"Sunday, Aug 18",OAK,Home,CLE,7.0,3.0,70-53,2.0,0.5,D,1
124,"Monday, Aug 19",OAK,Home,SEA,2.0,1.0,71-53,2.0,0.5,N,2
125,"Tuesday, Aug 20",OAK,Home,SEA,4.0,7.0,71-54,2.0,1.5,N,-1
126,"Wednesday, Aug 21",OAK,Home,SEA,3.0,5.0,71-55,2.0,2.5,D,-2
127,"Friday, Aug 23",OAK,@,BAL,7.0,9.0,71-56,2.0,3.5,N,-3
128,"Saturday, Aug 24",OAK,@,BAL,2.0,1.0,72-56,2.0,2.5,D,1
129,"Sunday, Aug 25",OAK,@,BAL,3.0,10.0,72-57,2.0,2.5,D,-1
130,"Monday, Aug 26",OAK,@,DET,8.0,6.0,73-57,2.0,2.5,N,1
131,"Tuesday, Aug 27",OAK,@,DET,6.0,3.0,74-57,2.0,2.5,N,2
132,"Wednesday, Aug 28",OAK,@,DET,14.0,4.0,75-57,2.0,2.5,N,3
133,"Thursday, Aug 29",OAK,@,DET,6.0,7.0,75-58,2.0,3.0,D,-1
134,"Friday, Aug 30",OAK,Home,TBR,4.0,3.0,76-58,2.0,2.0,N,1
135,"Saturday, Aug 31",OAK,Home,TBR,2.0,1.0,77-58,2.0,2.0,N,2
136,"Sunday, Sep 1",OAK,Home,TBR,5.0,1.0,78-58,2.0,1.0,D,3
137,"Monday, Sep 2",OAK,Home,TEX,4.0,2.0,79-58,1.0,Tied,D,4
138,"Tuesday, Sep 3",OAK,Home,TEX,1.0,5.0,79-59,2.0,1.0,N,-1
139,"Wednesday, Sep 4",OAK,Home,TEX,11.0,4.0,80-59,1.0,Tied,D,1
140,"Thursday, Sep 5",OAK,Home,HOU,2.0,3.0,80-60,2.0,0.5,N,-1
141,"Friday, Sep 6",OAK,Home,HOU,7.0,5.0,81-60,1.0,up 0.5,N,1
142,"Saturday, Sep 7",OAK,Home,HOU,2.0,1.0,82-60,1.0,up 1.5,D,2
143,"Sunday, Sep 8",OAK,Home,HOU,7.0,2.0,83-60,1.0,up 1.5,D,3
144,"Tuesday, Sep 10",OAK,@,MIN,3.0,4.0,83-61,1.0,up 2.0,N,-1
145,"Wednesday, Sep 11",OAK,@,MIN,18.0,3.0,84-61,1.0,up 3.0,N,1
146,"Thursday, Sep 12",OAK,@,MIN,8.0,2.0,85-61,1.0,up 3.5,D,2
147,"Friday, Sep 13",OAK,@,TEX,9.0,8.0,86-61,1.0,up 4.5,N,3
148,"Saturday, Sep 14",OAK,@,TEX,1.0,0.0,87-61,1.0,up 5.5,D,4
149,"Sunday, Sep 15",OAK,@,TEX,5.0,1.0,88-61,1.0,up 6.5,D,5
150,"Monday, Sep 16",OAK,Home,LAA,1.0,12.0,88-62,1.0,up 6.5,N,-1
151,"Tuesday, Sep 17",OAK,Home,LAA,2.0,1.0,89-62,1.0,up 6.5,N,1
152,"Wednesday, Sep 18",OAK,Home,LAA,4.0,5.0,89-63,1.0,up 6.5,D,-1
153,"Thursday, Sep 19",OAK,Home,MIN,8.0,6.0,90-63,1.0,up 6.5,N,1
154,"Friday, Sep 20",OAK,Home,MIN,11.0,0.0,91-63,1.0,up 7.5,N,2
155,"Saturday, Sep 21",OAK,Home,MIN,9.0,1.0,92-63,1.0,up 7.5,D,3
156,"Sunday, Sep 22",OAK,Home,MIN,11.0,7.0,93-63,1.0,up 8.5,D,4
157,"Monday, Sep 23",OAK,@,LAA,10.0,5.0,94-63,1.0,up 8.5,N,5
158,"Tuesday, Sep 24",OAK,@,LAA,0.0,3.0,94-64,1.0,up 7.5,N,-1
159,"Wednesday, Sep 25",OAK,@,LAA,1.0,3.0,94-65,1.0,up 6.5,D,-2
160,"Friday, Sep 27",OAK,@,SEA,8.0,2.0,95-65,1.0,up 6.0,N,1
161,"Saturday, Sep 28",OAK,@,SEA,5.0,7.0,95-66,1.0,up 5.0,D,-1
162,"Sunday, Sep 29",OAK,@,SEA,9.0,0.0,96-66,1.0,up 5.0,D,1
1,"Monday, Mar 31",OAK,Home,CLE,0.0,2.0,0-1,3.0,1.0,N,-1
2,"Wednesday, Apr 2 (1)",OAK,Home,CLE,6.0,1.0,1-1,4.0,2.0,D,1
3,"Wednesday, Apr 2 (2)",OAK,Home,CLE,4.0,6.0,1-2,4.0,2.0,N,-1
4,"Thursday, Apr 3",OAK,Home,SEA,3.0,2.0,2-2,4.0,1.0,N,1
5,"Saturday, Apr 5",OAK,Home,SEA,1.0,3.0,2-3,2.0,2.0,D,-1
6,"Sunday, Apr 6",OAK,Home,SEA,6.0,3.0,3-3,2.0,1.0,D,1
7,"Monday, Apr 7",OAK,@,MIN,8.0,3.0,4-3,2.0,0.5,D,2
8,"Wednesday, Apr 9",OAK,@,MIN,7.0,4.0,5-3,1.0,Tied,D,3
9,"Thursday, Apr 10",OAK,@,MIN,6.0,1.0,6-3,1.0,up 0.5,D,4
10,"Friday, Apr 11",OAK,@,SEA,4.0,6.0,6-4,2.0,0.5,N,-1
11,"Saturday, Apr 12",OAK,@,SEA,3.0,1.0,7-4,1.0,up 0.5,N,1
12,"Sunday, Apr 13",OAK,@,SEA,3.0,0.0,8-4,1.0,up 1.5,D,2
13,"Monday, Apr 14",OAK,@,LAA,3.0,2.0,9-4,1.0,up 1.5,N,3
14,"Tuesday, Apr 15",OAK,@,LAA,10.0,9.0,10-4,1.0,up 2.5,N,4
15,"Wednesday, Apr 16",OAK,@,LAA,4.0,5.0,10-5,1.0,up 2.0,N,-1
16,"Friday, Apr 18",OAK,Home,HOU,11.0,3.0,11-5,1.0,up 1.5,N,1
17,"Saturday, Apr 19",OAK,Home,HOU,4.0,3.0,12-5,1.0,up 1.5,D,2
18,"Sunday, Apr 20",OAK,Home,HOU,4.0,1.0,13-5,1.0,up 2.5,D,3
19,"Monday, Apr 21",OAK,Home,TEX,3.0,4.0,13-6,1.0,up 1.5,N,-1
20,"Tuesday, Apr 22",OAK,Home,TEX,4.0,5.0,13-7,1.0,up 0.5,N,-2
21,"Wednesday, Apr 23",OAK,Home,TEX,0.0,3.0,13-8,2.0,0.5,D,-3
22,"Thursday, Apr 24",OAK,@,HOU,10.0,1.0,14-8,1.0,Tied,N,1
23,"Friday, Apr 25",OAK,@,HOU,12.0,5.0,15-8,1.0,up 1.0,N,2
24,"Saturday, Apr 26",OAK,@,HOU,6.0,7.0,15-9,1.0,Tied,N,-1
25,"Sunday, Apr 27",OAK,@,HOU,1.0,5.0,15-10,1.0,Tied,D,-2
26,"Monday, Apr 28",OAK,@,TEX,4.0,0.0,16-10,1.0,up 1.0,N,1
27,"Tuesday, Apr 29",OAK,@,TEX,9.0,3.0,17-10,1.0,up 2.0,N,2
28,"Wednesday, Apr 30",OAK,@,TEX,12.0,1.0,18-10,1.0,up 3.0,N,3
29,"Friday, May 2",OAK,@,BOS,1.0,7.0,18-11,1.0,up 2.0,N,-1
30,"Saturday, May 3",OAK,@,BOS,3.0,6.0,18-12,1.0,up 2.0,D,-2
31,"Sunday, May 4",OAK,@,BOS,3.0,2.0,19-12,1.0,up 2.0,D,1
32,"Monday, May 5",OAK,Home,SEA,2.0,4.0,19-13,1.0,up 2.0,N,-1
33,"Tuesday, May 6",OAK,Home,SEA,3.0,8.0,19-14,1.0,up 2.0,N,-2
34,"Wednesday, May 7 (1)",OAK,Home,SEA,4.0,6.0,19-15,1.0,up 2.0,D,-3
35,"Wednesday, May 7 (2)",OAK,Home,SEA,2.0,0.0,20-15,1.0,up 2.0,D,1
36,"Friday, May 9",OAK,Home,WSN,8.0,0.0,21-15,1.0,up 2.0,N,2
37,"Saturday, May 10",OAK,Home,WSN,4.0,3.0,22-15,1.0,up 2.5,N,3
38,"Sunday, May 11",OAK,Home,WSN,9.0,1.0,23-15,1.0,up 3.0,D,4
39,"Monday, May 12",OAK,Home,CHW,5.0,4.0,24-15,1.0,up 3.5,N,5
40,"Tuesday, May 13",OAK,Home,CHW,11.0,0.0,25-15,1.0,up 4.0,N,6
41,"Wednesday, May 14",OAK,Home,CHW,2.0,4.0,25-16,1.0,up 3.0,D,-1
42,"Friday, May 16",OAK,@,CLE,11.0,1.0,26-16,1.0,up 3.5,N,1
43,"Saturday, May 17",OAK,@,CLE,6.0,2.0,27-16,1.0,up 3.5,N,2
44,"Sunday, May 18",OAK,@,CLE,13.0,3.0,28-16,1.0,up 3.5,D,3
45,"Tuesday, May 20",OAK,@,TBR,3.0,0.0,29-16,1.0,up 4.0,N,4
46,"Wednesday, May 21",OAK,@,TBR,3.0,2.0,30-16,1.0,up 4.0,N,5
47,"Thursday, May 22",OAK,@,TBR,2.0,5.0,30-17,1.0,up 3.5,D,-1
48,"Friday, May 23",OAK,@,TOR,2.0,3.0,30-18,1.0,up 2.5,N,-2
49,"Saturday, May 24",OAK,@,TOR,2.0,5.0,30-19,1.0,up 2.5,D,-3
50,"Sunday, May 25",OAK,@,TOR,1.0,3.0,30-20,1.0,up 1.5,D,-4
51,"Monday, May 26",OAK,Home,DET,10.0,0.0,31-20,1.0,up 2.5,D,1
52,"Tuesday, May 27",OAK,Home,DET,5.0,6.0,31-21,1.0,up 1.5,N,-1
53,"Wednesday, May 28",OAK,Home,DET,3.0,1.0,32-21,1.0,up 2.5,N,1
54,"Thursday, May 29",OAK,Home,DET,4.0,5.0,32-22,1.0,up 1.5,D,-1
55,"Friday, May 30",OAK,Home,LAA,9.0,5.0,33-22,1.0,up 2.5,N,1
56,"Saturday, May 31",OAK,Home,LAA,11.0,3.0,34-22,1.0,up 3.5,N,2
57,"Sunday, Jun 1",OAK,Home,LAA,6.0,3.0,35-22,1.0,up 4.5,D,3
58,"Tuesday, Jun 3",OAK,@,NYY,5.0,2.0,36-22,1.0,up 5.5,N,4
59,"Wednesday, Jun 4",OAK,@,NYY,7.0,4.0,37-22,1.0,up 5.5,N,5
60,"Thursday, Jun 5",OAK,@,NYY,1.0,2.0,37-23,1.0,up 5.5,D,-1
61,"Friday, Jun 6",OAK,@,BAL,4.0,3.0,38-23,1.0,up 5.5,N,1
62,"Saturday, Jun 7",OAK,@,BAL,3.0,6.0,38-24,1.0,up 4.5,N,-1
63,"Sunday, Jun 8",OAK,@,BAL,11.0,1.0,39-24,1.0,up 4.5,D,1
64,"Monday, Jun 9",OAK,@,LAA,1.0,4.0,39-25,1.0,up 3.5,N,-1
65,"Tuesday, Jun 10",OAK,@,LAA,1.0,2.0,39-26,1.0,up 2.5,N,-2
66,"Wednesday, Jun 11",OAK,@,LAA,7.0,1.0,40-26,1.0,up 3.5,N,1
67,"Friday, Jun 13",OAK,Home,NYY,0.0,7.0,40-27,1.0,up 3.5,N,-1
68,"Saturday, Jun 14",OAK,Home,NYY,5.0,1.0,41-27,1.0,up 3.5,N,1
69,"Sunday, Jun 15",OAK,Home,NYY,10.0,5.0,42-27,1.0,up 4.5,D,2
70,"Monday, Jun 16",OAK,Home,TEX,8.0,14.0,42-28,1.0,up 4.5,N,-1
71,"Tuesday, Jun 17",OAK,Home,TEX,10.0,6.0,43-28,1.0,up 4.5,N,1
72,"Wednesday, Jun 18",OAK,Home,TEX,4.0,2.0,44-28,1.0,up 5.0,D,2
73,"Thursday, Jun 19",OAK,Home,BOS,4.0,2.0,45-28,1.0,up 6.0,N,3
74,"Friday, Jun 20",OAK,Home,BOS,4.0,3.0,46-28,1.0,up 6.0,N,4
75,"Saturday, Jun 21",OAK,Home,BOS,2.0,1.0,47-28,1.0,up 6.0,D,5
76,"Sunday, Jun 22",OAK,Home,BOS,6.0,7.0,47-29,1.0,up 5.0,D,-1
77,"Tuesday, Jun 24",OAK,@,NYM,1.0,10.0,47-30,1.0,up 4.0,N,-2
78,"Wednesday, Jun 25",OAK,@,NYM,8.0,5.0,48-30,1.0,up 4.0,N,1
79,"Friday, Jun 27",OAK,@,MIA,9.0,5.0,49-30,1.0,up 4.5,N,2
80,"Saturday, Jun 28",OAK,@,MIA,7.0,6.0,50-30,1.0,up 4.5,D,3
81,"Sunday, Jun 29",OAK,@,MIA,4.0,3.0,51-30,1.0,up 5.5,D,4
82,"Monday, Jun 30",OAK,@,DET,4.0,5.0,51-31,1.0,up 5.0,N,-1
83,"Tuesday, Jul 1",OAK,@,DET,0.0,3.0,51-32,1.0,up 3.5,N,-2
84,"Wednesday, Jul 2",OAK,@,DET,3.0,9.0,51-33,1.0,up 3.5,D,-3
85,"Thursday, Jul 3",OAK,Home,TOR,4.0,1.0,52-33,1.0,up 3.5,N,1
86,"Friday, Jul 4",OAK,Home,TOR,1.0,0.0,53-33,1.0,up 3.5,D,2
87,"Saturday, Jul 5",OAK,Home,TOR,5.0,1.0,54-33,1.0,up 3.5,N,3
88,"Sunday, Jul 6",OAK,Home,TOR,4.0,2.0,55-33,1.0,up 3.5,D,4
89,"Monday, Jul 7",OAK,Home,SFG,5.0,0.0,56-33,1.0,up 3.5,N,5
90,"Tuesday, Jul 8",OAK,Home,SFG,6.0,1.0,57-33,1.0,up 4.5,N,6
91,"Wednesday, Jul 9",OAK,@,SFG,2.0,5.0,57-34,1.0,up 3.5,N,-1
92,"Thursday, Jul 10",OAK,@,SFG,6.0,1.0,58-34,1.0,up 3.5,D,1
93,"Friday, Jul 11",OAK,@,SEA,2.0,3.0,58-35,1.0,up 2.5,N,-1
94,"Saturday, Jul 12",OAK,@,SEA,2.0,6.0,58-36,1.0,up 1.5,N,-2
95,"Sunday, Jul 13",OAK,@,SEA,4.0,1.0,59-36,1.0,up 1.5,D,1
96,"Friday, Jul 18",OAK,Home,BAL,5.0,4.0,60-36,1.0,up 1.5,N,2
97,"Saturday, Jul 19",OAK,Home,BAL,4.0,8.0,60-37,1.0,up 1.5,N,-1
98,"Sunday, Jul 20",OAK,Home,BAL,10.0,2.0,61-37,1.0,up 1.5,D,1
99,"Tuesday, Jul 22",OAK,Home,HOU,2.0,3.0,61-38,1.0,up 2.0,N,-1
100,"Wednesday, Jul 23",OAK,Home,HOU,9.0,7.0,62-38,1.0,up 2.0,N,1
101,"Thursday, Jul 24",OAK,Home,HOU,13.0,1.0,63-38,1.0,up 3.0,D,2
102,"Friday, Jul 25",OAK,@,TEX,1.0,4.0,63-39,1.0,up 2.0,N,-1
103,"Saturday, Jul 26",OAK,@,TEX,5.0,1.0,64-39,1.0,up 2.0,N,1
104,"Sunday, Jul 27",OAK,@,TEX,9.0,3.0,65-39,1.0,up 2.0,N,2
105,"Monday, Jul 28",OAK,@,HOU,3.0,7.0,65-40,1.0,up 1.5,N,-1
106,"Tuesday, Jul 29",OAK,@,HOU,7.0,4.0,66-40,1.0,up 2.5,N,1
107,"Wednesday, Jul 30",OAK,@,HOU,1.0,8.0,66-41,1.0,up 2.5,D,-1
108,"Friday, Aug 1",OAK,Home,KCR,0.0,1.0,66-42,1.0,up 1.0,N,-2
109,"Saturday, Aug 2",OAK,Home,KCR,8.0,3.0,67-42,1.0,up 2.0,D,1
110,"Sunday, Aug 3",OAK,Home,KCR,2.0,4.0,67-43,1.0,up 1.0,D,-1
111,"Monday, Aug 4",OAK,Home,TBR,3.0,2.0,68-43,1.0,up 1.0,N,1
112,"Tuesday, Aug 5",OAK,Home,TBR,3.0,0.0,69-43,1.0,up 2.0,N,2
113,"Wednesday, Aug 6",OAK,Home,TBR,3.0,7.0,69-44,1.0,up 2.0,D,-1
114,"Thursday, Aug 7",OAK,Home,MIN,3.0,0.0,70-44,1.0,up 3.0,N,1
115,"Friday, Aug 8",OAK,Home,MIN,6.0,5.0,71-44,1.0,up 4.0,N,2
116,"Saturday, Aug 9",OAK,Home,MIN,9.0,4.0,72-44,1.0,up 4.0,N,3
117,"Sunday, Aug 10",OAK,Home,MIN,1.0,6.0,72-45,1.0,up 4.0,D,-1
118,"Monday, Aug 11",OAK,@,KCR,2.0,3.0,72-46,1.0,up 3.5,N,-2
119,"Tuesday, Aug 12",OAK,@,KCR,11.0,3.0,73-46,1.0,up 3.5,N,1
120,"Wednesday, Aug 13",OAK,@,KCR,0.0,3.0,73-47,1.0,up 2.5,N,-1
121,"Thursday, Aug 14",OAK,@,KCR,3.0,7.0,73-48,1.0,up 2.0,D,-2
122,"Friday, Aug 15",OAK,@,ATL,2.0,7.0,73-49,1.0,up 1.0,N,-3
123,"Saturday, Aug 16",OAK,@,ATL,3.0,4.0,73-50,1.0,Tied,N,-4
124,"Sunday, Aug 17",OAK,@,ATL,3.0,4.0,73-51,1.0,Tied,N,-5
125,"Tuesday, Aug 19",OAK,Home,NYM,6.0,2.0,74-51,2.0,0.5,N,1
126,"Wednesday, Aug 20",OAK,Home,NYM,5.0,8.0,74-52,2.0,1.5,D,-1
127,"Friday, Aug 22",OAK,Home,LAA,5.0,3.0,75-52,2.0,1.0,N,1
128,"Saturday, Aug 23",OAK,Home,LAA,2.0,1.0,76-52,1.0,Tied,N,2
129,"Sunday, Aug 24",OAK,Home,LAA,4.0,9.0,76-53,2.0,1.0,N,-1
130,"Monday, Aug 25",OAK,@,HOU,8.0,2.0,77-53,1.0,Tied,N,1
131,"Tuesday, Aug 26",OAK,@,HOU,2.0,4.0,77-54,2.0,1.0,N,-1
132,"Wednesday, Aug 27",OAK,@,HOU,5.0,4.0,78-54,2.0,1.0,N,1
133,"Thursday, Aug 28",OAK,@,LAA,3.0,4.0,78-55,2.0,2.0,N,-1
134,"Friday, Aug 29",OAK,@,LAA,0.0,4.0,78-56,2.0,3.0,N,-2
135,"Saturday, Aug 30",OAK,@,LAA,0.0,2.0,78-57,2.0,4.0,N,-3
136,"Sunday, Aug 31",OAK,@,LAA,1.0,8.0,78-58,2.0,5.0,D,-4
137,"Monday, Sep 1",OAK,Home,SEA,6.0,1.0,79-58,2.0,4.5,D,1
138,"Tuesday, Sep 2",OAK,Home,SEA,5.0,6.0,79-59,2.0,4.5,N,-1
139,"Wednesday, Sep 3",OAK,Home,SEA,1.0,2.0,79-60,2.0,4.5,D,-2
140,"Friday, Sep 5",OAK,Home,HOU,3.0,4.0,79-61,2.0,6.0,N,-3
141,"Saturday, Sep 6",OAK,Home,HOU,4.0,3.0,80-61,2.0,6.0,D,1
142,"Sunday, Sep 7",OAK,Home,HOU,3.0,4.0,80-62,2.0,7.0,D,-1
143,"Monday, Sep 8",OAK,@,CHW,4.0,5.0,80-63,2.0,8.0,N,-2
144,"Tuesday, Sep 9",OAK,@,CHW,11.0,2.0,81-63,2.0,8.0,N,1
145,"Wednesday, Sep 10",OAK,@,CHW,1.0,2.0,81-64,2.0,9.0,N,-1
146,"Thursday, Sep 11",OAK,@,CHW,0.0,1.0,81-65,2.0,10.0,D,-2
147,"Friday, Sep 12",OAK,@,SEA,2.0,4.0,81-66,2.0,11.0,N,-3
148,"Saturday, Sep 13",OAK,@,SEA,3.0,2.0,82-66,2.0,11.0,N,1
149,"Sunday, Sep 14",OAK,@,SEA,4.0,0.0,83-66,2.0,10.0,D,2
150,"Tuesday, Sep 16",OAK,Home,TEX,3.0,6.0,83-67,2.0,10.5,N,-1
151,"Wednesday, Sep 17",OAK,Home,TEX,1.0,6.0,83-68,2.0,11.5,N,-2
152,"Thursday, Sep 18",OAK,Home,TEX,2.0,7.0,83-69,2.0,11.5,D,-3
153,"Friday, Sep 19",OAK,Home,PHI,3.0,1.0,84-69,2.0,10.5,N,1
154,"Saturday, Sep 20",OAK,Home,PHI,0.0,3.0,84-70,2.0,11.5,D,-1
155,"Sunday, Sep 21",OAK,Home,PHI,8.0,6.0,85-70,2.0,10.5,D,1
156,"Monday, Sep 22",OAK,Home,LAA,8.0,4.0,86-70,2.0,9.5,N,2
157,"Tuesday, Sep 23",OAK,Home,LAA,0.0,2.0,86-71,2.0,10.5,N,-1
158,"Wednesday, Sep 24",OAK,Home,LAA,4.0,5.0,86-72,2.0,11.5,D,-2
159,"Thursday, Sep 25",OAK,@,TEX,1.0,2.0,86-73,2.0,12.0,N,-3
160,"Friday, Sep 26",OAK,@,TEX,6.0,2.0,87-73,2.0,11.0,N,1
161,"Saturday, Sep 27",OAK,@,TEX,4.0,5.0,87-74,2.0,11.0,N,-1
162,"Sunday, Sep 28",OAK,@,TEX,4.0,0.0,88-74,2.0,10.0,D,1
1,"Monday, Apr 6",OAK,Home,TEX,8.0,0.0,1-0,1.0,Tied,N,1
2,"Tuesday, Apr 7",OAK,Home,TEX,1.0,3.0,1-1,2.0,0.5,N,-1
3,"Wednesday, Apr 8",OAK,Home,TEX,10.0,0.0,2-1,1.0,Tied,N,1
4,"Thursday, Apr 9",OAK,Home,TEX,1.0,10.0,2-2,2.0,0.5,D,-1
5,"Friday, Apr 10",OAK,Home,SEA,12.0,0.0,3-2,1.0,up 0.5,N,1
6,"Saturday, Apr 11",OAK,Home,SEA,4.0,5.0,3-3,1.0,Tied,D,-1
7,"Sunday, Apr 12",OAK,Home,SEA,7.0,8.0,3-4,3.0,0.5,D,-2
8,"Monday, Apr 13",OAK,@,HOU,8.0,1.0,4-4,1.0,up 0.5,N,1
9,"Tuesday, Apr 14",OAK,@,HOU,4.0,0.0,5-4,1.0,up 1.0,N,2
10,"Wednesday, Apr 15",OAK,@,HOU,1.0,6.0,5-5,1.0,up 0.5,N,-1
11,"Friday, Apr 17",OAK,@,KCR,4.0,6.0,5-6,2.0,0.5,N,-2
12,"Saturday, Apr 18",OAK,@,KCR,5.0,0.0,6-6,1.0,up 0.5,N,1
13,"Sunday, Apr 19",OAK,@,KCR,2.0,4.0,6-7,2.0,0.5,D,-1
14,"Monday, Apr 20",OAK,@,LAA,6.0,3.0,7-7,2.0,0.5,N,1
15,"Tuesday, Apr 21",OAK,@,LAA,1.0,14.0,7-8,2.0,1.5,N,-1
16,"Wednesday, Apr 22",OAK,@,LAA,9.0,2.0,8-8,2.0,0.5,N,1
17,"Thursday, Apr 23",OAK,@,LAA,0.0,2.0,8-9,2.0,1.0,D,-1
18,"Friday, Apr 24",OAK,Home,HOU,4.0,5.0,8-10,3.0,2.0,N,-2
19,"Saturday, Apr 25",OAK,Home,HOU,3.0,9.0,8-11,3.0,3.0,D,-3
20,"Sunday, Apr 26",OAK,Home,HOU,6.0,7.0,8-12,3.0,4.0,D,-4
21,"Tuesday, Apr 28",OAK,Home,LAA,6.0,2.0,9-12,4.0,4.5,N,1
22,"Wednesday, Apr 29",OAK,Home,LAA,3.0,6.0,9-13,4.0,5.5,N,-1
23,"Thursday, Apr 30",OAK,Home,LAA,5.0,6.0,9-14,4.0,6.5,D,-2
24,"Friday, May 1",OAK,@,TEX,7.0,5.0,10-14,4.0,6.5,N,1
25,"Saturday, May 2",OAK,@,TEX,7.0,8.0,10-15,4.0,7.5,N,-1
26,"Sunday, May 3",OAK,@,TEX,7.0,1.0,11-15,3.0,7.5,D,1
27,"Monday, May 4",OAK,@,MIN,7.0,8.0,11-16,4.0,7.5,N,-1
28,"Tuesday, May 5",OAK,@,MIN,2.0,1.0,12-16,3.0,6.5,N,1
29,"Wednesday, May 6",OAK,@,MIN,0.0,13.0,12-17,3.0,6.5,N,-1
30,"Thursday, May 7",OAK,@,MIN,5.0,6.0,12-18,4.0,7.5,D,-2
31,"Friday, May 8",OAK,@,SEA,3.0,4.0,12-19,5.0,7.5,N,-3
32,"Saturday, May 9",OAK,@,SEA,2.0,7.0,12-20,5.0,8.5,N,-4
33,"Sunday, May 10",OAK,@,SEA,3.0,4.0,12-21,5.0,8.5,D,-5
34,"Monday, May 11",OAK,Home,BOS,4.0,5.0,12-22,5.0,9.0,N,-6
35,"Tuesday, May 12",OAK,Home,BOS,9.0,2.0,13-22,5.0,8.0,N,1
36,"Wednesday, May 13",OAK,Home,BOS,0.0,2.0,13-23,5.0,9.0,D,-1
37,"Friday, May 15",OAK,Home,CHW,6.0,7.0,13-24,5.0,10.5,N,-2
38,"Saturday, May 16",OAK,Home,CHW,3.0,4.0,13-25,5.0,11.5,N,-3
39,"Sunday, May 17",OAK,Home,CHW,3.0,7.0,13-26,5.0,12.5,D,-4
40,"Monday, May 18",OAK,@,HOU,2.0,1.0,14-26,5.0,11.5,N,1
41,"Tuesday, May 19",OAK,@,HOU,4.0,6.0,14-27,5.0,12.5,N,-1
42,"Wednesday, May 20",OAK,@,HOU,1.0,6.0,14-28,5.0,13.5,D,-2
43,"Thursday, May 21",OAK,@,TBR,0.0,3.0,14-29,5.0,13.5,N,-3
44,"Friday, May 22",OAK,@,TBR,2.0,5.0,14-30,5.0,13.5,N,-4
45,"Saturday, May 23",OAK,@,TBR,5.0,0.0,15-30,5.0,13.5,D,1
46,"Sunday, May 24",OAK,@,TBR,7.0,2.0,16-30,5.0,13.5,D,2
47,"Monday, May 25",OAK,Home,DET,4.0,0.0,17-30,5.0,12.5,D,3
48,"Tuesday, May 26",OAK,Home,DET,0.0,1.0,17-31,5.0,13.5,N,-1
49,"Wednesday, May 27",OAK,Home,DET,2.0,3.0,17-32,5.0,13.5,D,-2
50,"Thursday, May 28",OAK,Home,NYY,5.0,4.0,18-32,5.0,13.0,N,1
51,"Friday, May 29",OAK,Home,NYY,6.0,2.0,19-32,5.0,12.0,N,2
52,"Saturday, May 30",OAK,Home,NYY,3.0,5.0,19-33,5.0,13.0,N,-1
53,"Sunday, May 31",OAK,Home,NYY,3.0,0.0,20-33,5.0,12.0,D,1
54,"Tuesday, Jun 2",OAK,@,DET,5.0,3.0,21-33,5.0,12.5,N,2
55,"Wednesday, Jun 3",OAK,@,DET,6.0,1.0,22-33,5.0,12.5,N,3
56,"Thursday, Jun 4",OAK,@,DET,7.0,5.0,23-33,5.0,11.5,D,4
57,"Friday, Jun 5",OAK,@,BOS,2.0,4.0,23-34,5.0,11.5,N,-1
58,"Saturday, Jun 6",OAK,@,BOS,2.0,4.0,23-35,5.0,11.5,D,-2
59,"Sunday, Jun 7",OAK,@,BOS,4.0,7.0,23-36,5.0,11.5,D,-3
60,"Tuesday, Jun 9",OAK,Home,TEX,1.0,2.0,23-37,5.0,11.0,N,-4
61,"Wednesday, Jun 10",OAK,Home,TEX,5.0,4.0,24-37,5.0,10.0,N,1
62,"Thursday, Jun 11",OAK,Home,TEX,7.0,0.0,25-37,5.0,9.5,D,2
63,"Friday, Jun 12",OAK,@,LAA,4.0,5.0,25-38,5.0,10.5,N,-1
64,"Saturday, Jun 13",OAK,@,LAA,0.0,1.0,25-39,5.0,10.5,N,-2
65,"Sunday, Jun 14",OAK,@,LAA,8.0,1.0,26-39,5.0,10.5,D,1
66,"Monday, Jun 15",OAK,@,SDP,9.0,1.0,27-39,5.0,10.5,N,2
67,"Tuesday, Jun 16",OAK,@,SDP,6.0,5.0,28-39,5.0,10.5,D,3
68,"Wednesday, Jun 17",OAK,Home,SDP,16.0,2.0,29-39,5.0,10.5,N,4
69,"Thursday, Jun 18",OAK,Home,SDP,1.0,3.0,29-40,5.0,11.5,D,-1
70,"Friday, Jun 19",OAK,Home,LAA,7.0,12.0,29-41,5.0,11.5,N,-2
71,"Saturday, Jun 20",OAK,Home,LAA,4.0,1.0,30-41,5.0,10.5,D,1
72,"Sunday, Jun 21",OAK,Home,LAA,3.0,2.0,31-41,5.0,10.5,D,2
73,"Tuesday, Jun 23",OAK,@,TEX,8.0,6.0,32-41,5.0,10.0,N,3
74,"Wednesday, Jun 24",OAK,@,TEX,8.0,2.0,33-41,5.0,9.0,N,4
75,"Thursday, Jun 25",OAK,@,TEX,6.0,3.0,34-41,4.0,9.0,D,5
76,"Friday, Jun 26",OAK,Home,KCR,2.0,5.0,34-42,5.0,9.0,N,-1
77,"Saturday, Jun 27",OAK,Home,KCR,2.0,3.0,34-43,5.0,9.0,D,-2
78,"Sunday, Jun 28",OAK,Home,KCR,3.0,5.0,34-44,5.0,10.0,D,-3
79,"Monday, Jun 29",OAK,Home,COL,7.0,1.0,35-44,5.0,10.0,N,1
80,"Tuesday, Jun 30",OAK,Home,COL,1.0,2.0,35-45,5.0,11.0,N,-1
81,"Wednesday, Jul 1",OAK,Home,COL,4.0,1.0,36-45,5.0,11.0,D,1
82,"Thursday, Jul 2",OAK,Home,SEA,4.0,0.0,37-45,5.0,10.5,N,2
83,"Friday, Jul 3",OAK,Home,SEA,5.0,9.0,37-46,5.0,11.5,N,-1
84,"Saturday, Jul 4",OAK,Home,SEA,2.0,0.0,38-46,5.0,10.5,D,1
85,"Sunday, Jul 5",OAK,Home,SEA,1.0,2.0,38-47,5.0,10.5,D,-1
86,"Tuesday, Jul 7",OAK,@,NYY,4.0,3.0,39-47,5.0,10.0,N,1
87,"Wednesday, Jul 8",OAK,@,NYY,4.0,5.0,39-48,5.0,10.0,N,-1
88,"Thursday, Jul 9",OAK,@,NYY,2.0,6.0,39-49,5.0,10.0,D,-2
89,"Friday, Jul 10",OAK,@,CLE,1.0,5.0,39-50,5.0,10.0,N,-3
90,"Saturday, Jul 11",OAK,@,CLE,5.0,4.0,40-50,5.0,9.0,N,1
91,"Sunday, Jul 12",OAK,@,CLE,2.0,0.0,41-50,5.0,8.5,D,2
92,"Friday, Jul 17",OAK,Home,MIN,0.0,5.0,41-51,5.0,9.5,N,-1
93,"Saturday, Jul 18",OAK,Home,MIN,3.0,2.0,42-51,5.0,9.5,N,1
94,"Sunday, Jul 19",OAK,Home,MIN,14.0,1.0,43-51,4.0,9.0,D,2
95,"Tuesday, Jul 21",OAK,Home,TOR,1.0,7.0,43-52,5.0,11.0,N,-1
96,"Wednesday, Jul 22",OAK,Home,TOR,4.0,3.0,44-52,4.0,11.0,N,1
97,"Thursday, Jul 23",OAK,Home,TOR,2.0,5.0,44-53,5.0,11.0,D,-1
98,"Friday, Jul 24",OAK,@,SFG,3.0,9.0,44-54,5.0,11.0,N,-2
99,"Saturday, Jul 25",OAK,@,SFG,1.0,2.0,44-55,5.0,11.0,D,-3
100,"Sunday, Jul 26",OAK,@,SFG,3.0,4.0,44-56,5.0,12.0,D,-4
101,"Tuesday, Jul 28",OAK,@,LAD,2.0,0.0,45-56,5.0,11.0,N,1
102,"Wednesday, Jul 29",OAK,@,LAD,7.0,10.0,45-57,5.0,12.0,N,-1
103,"Thursday, Jul 30",OAK,Home,CLE,1.0,3.0,45-58,5.0,13.0,N,-2
104,"Friday, Jul 31",OAK,Home,CLE,1.0,2.0,45-59,5.0,13.0,N,-3
105,"Saturday, Aug 1",OAK,Home,CLE,5.0,1.0,46-59,5.0,13.0,N,1
106,"Sunday, Aug 2",OAK,Home,CLE,2.0,1.0,47-59,5.0,13.0,D,2
107,"Monday, Aug 3",OAK,Home,BAL,2.0,9.0,47-60,5.0,13.0,N,-1
108,"Tuesday, Aug 4",OAK,Home,BAL,5.0,0.0,48-60,5.0,12.0,N,1
109,"Wednesday, Aug 5",OAK,Home,BAL,3.0,7.0,48-61,5.0,12.0,D,-1
110,"Thursday, Aug 6",OAK,Home,HOU,4.0,5.0,48-62,5.0,13.0,N,-2
111,"Friday, Aug 7",OAK,Home,HOU,3.0,1.0,49-62,5.0,12.0,N,1
112,"Saturday, Aug 8",OAK,Home,HOU,2.0,1.0,50-62,5.0,11.0,D,2
113,"Sunday, Aug 9",OAK,Home,HOU,5.0,4.0,51-62,5.0,10.0,D,3
114,"Tuesday, Aug 11",OAK,@,TOR,2.0,4.0,51-63,5.0,10.0,N,-1
115,"Wednesday, Aug 12",OAK,@,TOR,3.0,10.0,51-64,5.0,11.0,N,-2
116,"Thursday, Aug 13",OAK,@,TOR,2.0,4.0,51-65,5.0,11.5,D,-3
117,"Friday, Aug 14",OAK,@,BAL,6.0,8.0,51-66,5.0,12.5,N,-4
118,"Saturday, Aug 15",OAK,@,BAL,3.0,4.0,51-67,5.0,12.5,N,-5
119,"Sunday, Aug 16",OAK,@,BAL,2.0,18.0,51-68,5.0,13.5,D,-6
120,"Monday, Aug 17",OAK,@,BAL,2.0,4.0,51-69,5.0,13.5,N,-7
121,"Tuesday, Aug 18",OAK,Home,LAD,5.0,4.0,52-69,5.0,13.5,N,1
122,"Wednesday, Aug 19",OAK,Home,LAD,5.0,2.0,53-69,5.0,13.5,D,2
123,"Friday, Aug 21",OAK,Home,TBR,1.0,2.0,53-70,5.0,14.0,N,-1
124,"Saturday, Aug 22",OAK,Home,TBR,4.0,5.0,53-71,5.0,15.0,N,-2
125,"Sunday, Aug 23",OAK,Home,TBR,8.0,2.0,54-71,5.0,15.0,D,1
126,"Monday, Aug 24",OAK,@,SEA,11.0,5.0,55-71,5.0,14.0,N,2
127,"Tuesday, Aug 25",OAK,@,SEA,5.0,6.0,55-72,5.0,15.0,N,-1
128,"Wednesday, Aug 26",OAK,@,SEA,2.0,8.0,55-73,5.0,16.0,D,-2
129,"Friday, Aug 28",OAK,@,ARI,4.0,6.0,55-74,5.0,16.0,N,-3
130,"Saturday, Aug 29",OAK,@,ARI,3.0,2.0,56-74,5.0,16.0,N,1
131,"Sunday, Aug 30",OAK,@,ARI,7.0,4.0,57-74,5.0,15.0,D,2
132,"Monday, Aug 31",OAK,Home,LAA,11.0,5.0,58-74,5.0,15.0,N,3
133,"Tuesday, Sep 1",OAK,Home,LAA,2.0,6.0,58-75,5.0,15.0,N,-1
134,"Wednesday, Sep 2",OAK,Home,LAA,4.0,9.0,58-76,5.0,15.0,D,-2
135,"Friday, Sep 4",OAK,Home,SEA,8.0,11.0,58-77,5.0,16.0,N,-3
136,"Saturday, Sep 5",OAK,Home,SEA,3.0,8.0,58-78,5.0,16.0,N,-4
137,"Sunday, Sep 6",OAK,Home,SEA,2.0,3.0,58-79,5.0,17.0,D,-5
138,"Monday, Sep 7",OAK,Home,HOU,10.0,9.0,59-79,5.0,16.0,D,1
139,"Tuesday, Sep 8",OAK,Home,HOU,4.0,0.0,60-79,5.0,15.0,N,2
140,"Wednesday, Sep 9",OAK,Home,HOU,5.0,11.0,60-80,5.0,16.0,N,-1
141,"Friday, Sep 11",OAK,@,TEX,0.0,4.0,60-81,5.0,16.0,N,-2
142,"Saturday, Sep 12",OAK,@,TEX,5.0,3.0,61-81,5.0,15.0,N,1
143,"Sunday, Sep 13",OAK,@,TEX,4.0,12.0,61-82,5.0,16.0,D,-1
144,"Monday, Sep 14",OAK,@,CHW,7.0,8.0,61-83,5.0,16.0,N,-2
145,"Tuesday, Sep 15",OAK,@,CHW,17.0,6.0,62-83,5.0,15.5,N,1
146,"Wednesday, Sep 16",OAK,@,CHW,4.0,9.0,62-84,5.0,16.5,N,-1
147,"Thursday, Sep 17",OAK,@,CHW,4.0,2.0,63-84,5.0,16.5,D,1
148,"Friday, Sep 18",OAK,@,HOU,4.0,3.0,64-84,5.0,15.5,N,2
149,"Saturday, Sep 19",OAK,@,HOU,6.0,10.0,64-85,5.0,16.5,N,-1
150,"Sunday, Sep 20",OAK,@,HOU,1.0,5.0,64-86,5.0,16.5,D,-2
151,"Tuesday, Sep 22",OAK,Home,TEX,6.0,8.0,64-87,5.0,17.5,N,-3
152,"Wednesday, Sep 23",OAK,Home,TEX,3.0,10.0,64-88,5.0,18.5,N,-4
153,"Thursday, Sep 24",OAK,Home,TEX,1.0,8.0,64-89,5.0,19.5,D,-5
154,"Friday, Sep 25",OAK,Home,SFG,5.0,4.0,65-89,5.0,19.5,N,1
155,"Saturday, Sep 26",OAK,Home,SFG,10.0,14.0,65-90,5.0,19.5,D,-1
156,"Sunday, Sep 27",OAK,Home,SFG,4.0,5.0,65-91,5.0,19.5,D,-2
157,"Monday, Sep 28",OAK,@,LAA,4.0,5.0,65-92,5.0,19.5,N,-3
158,"Tuesday, Sep 29",OAK,@,LAA,1.0,8.0,65-93,5.0,20.5,N,-4
159,"Wednesday, Sep 30",OAK,@,LAA,8.0,7.0,66-93,5.0,20.5,D,1
160,"Friday, Oct 2",OAK,@,SEA,4.0,2.0,67-93,5.0,20.0,N,2
161,"Saturday, Oct 3",OAK,@,SEA,7.0,5.0,68-93,5.0,19.0,N,3
162,"Sunday, Oct 4",OAK,@,SEA,2.0,3.0,68-94,5.0,20.0,D,-1
1,"Monday, Apr 4",OAK,Home,CHW,3.0,4.0,0-1,3.0,1.0,N,-1
2,"Tuesday, Apr 5",OAK,Home,CHW,4.0,5.0,0-2,4.0,1.5,N,-2
3,"Wednesday, Apr 6",OAK,Home,CHW,2.0,1.0,1-2,3.0,1.0,N,1
4,"Thursday, Apr 7",OAK,Home,CHW,1.0,6.0,1-3,4.0,1.5,D,-1
5,"Friday, Apr 8",OAK,@,SEA,3.0,2.0,2-3,2.0,0.5,N,1
6,"Saturday, Apr 9",OAK,@,SEA,6.0,1.0,3-3,1.0,Tied,N,2
7,"Sunday, Apr 10",OAK,@,SEA,2.0,1.0,4-3,1.0,up 1.0,D,3
8,"Monday, Apr 11",OAK,Home,LAA,1.0,4.0,4-4,1.0,Tied,N,-1
9,"Tuesday, Apr 12",OAK,Home,LAA,4.0,5.0,4-5,3.0,1.0,N,-2
10,"Wednesday, Apr 13",OAK,Home,LAA,1.0,5.0,4-6,3.0,1.5,D,-3
11,"Friday, Apr 15",OAK,Home,KCR,2.0,4.0,4-7,4.0,1.5,N,-4
12,"Saturday, Apr 16",OAK,Home,KCR,5.0,3.0,5-7,4.0,1.5,D,1
13,"Sunday, Apr 17",OAK,Home,KCR,3.0,2.0,6-7,2.0,1.0,D,2
14,"Tuesday, Apr 19",OAK,@,NYY,3.0,2.0,7-7,2.0,1.0,N,3
15,"Wednesday, Apr 20",OAK,@,NYY,5.0,2.0,8-7,2.0,1.0,N,4
16,"Thursday, Apr 21",OAK,@,NYY,7.0,3.0,9-7,2.0,1.0,N,5
17,"Friday, Apr 22",OAK,@,TOR,8.0,5.0,10-7,1.0,Tied,N,6
18,"Saturday, Apr 23",OAK,@,TOR,3.0,9.0,10-8,1.0,Tied,D,-1
19,"Sunday, Apr 24",OAK,@,TOR,3.0,6.0,10-9,1.0,Tied,D,-2
20,"Monday, Apr 25",OAK,@,DET,3.0,7.0,10-10,2.0,0.5,N,-3
21,"Tuesday, Apr 26",OAK,@,DET,5.0,1.0,11-10,2.0,0.5,N,1
22,"Wednesday, Apr 27",OAK,@,DET,4.0,9.0,11-11,3.0,1.0,N,-1
23,"Thursday, Apr 28",OAK,@,DET,3.0,7.0,11-12,4.0,1.5,D,-2
24,"Friday, Apr 29",OAK,Home,HOU,7.0,4.0,12-12,3.0,1.5,N,1
25,"Saturday, Apr 30",OAK,Home,HOU,2.0,0.0,13-12,3.0,1.5,D,2
26,"Sunday, May 1",OAK,Home,HOU,1.0,2.0,13-13,3.0,1.5,D,-1
27,"Monday, May 2",OAK,Home,SEA,3.0,4.0,13-14,3.0,2.5,N,-2
28,"Tuesday, May 3",OAK,Home,SEA,2.0,8.0,13-15,3.0,3.0,N,-3
29,"Wednesday, May 4",OAK,Home,SEA,8.0,9.0,13-16,4.0,4.0,D,-4
30,"Saturday, May 7 (1)",OAK,@,BAL,8.0,4.0,14-16,3.0,4.5,D,1
31,"Saturday, May 7 (2)",OAK,@,BAL,2.0,5.0,14-17,3.0,4.5,N,-1
32,"Sunday, May 8",OAK,@,BAL,3.0,11.0,14-18,3.0,4.5,D,-2
33,"Monday, May 9",OAK,@,BOS,7.0,14.0,14-19,3.0,5.5,N,-3
34,"Tuesday, May 10",OAK,@,BOS,5.0,13.0,14-20,3.0,6.5,N,-4
35,"Wednesday, May 11",OAK,@,BOS,3.0,13.0,14-21,3.0,7.5,N,-5
36,"Friday, May 13",OAK,@,TBR,6.0,3.0,15-21,3.0,6.5,N,1
37,"Saturday, May 14",OAK,@,TBR,0.0,6.0,15-22,4.0,6.5,N,-1
38,"Sunday, May 15",OAK,@,TBR,7.0,6.0,16-22,4.0,6.0,D,1
39,"Monday, May 16",OAK,Home,TEX,3.0,1.0,17-22,4.0,5.0,N,2
40,"Tuesday, May 17",OAK,Home,TEX,8.0,5.0,18-22,3.0,5.0,N,3
41,"Wednesday, May 18",OAK,Home,TEX,8.0,1.0,19-22,3.0,4.0,D,4
42,"Thursday, May 19",OAK,Home,NYY,1.0,4.0,19-23,4.0,5.0,N,-1
43,"Friday, May 20",OAK,Home,NYY,3.0,8.0,19-24,4.0,6.0,N,-2
44,"Saturday, May 21",OAK,Home,NYY,1.0,5.0,19-25,4.0,7.0,D,-3
45,"Sunday, May 22",OAK,Home,NYY,4.0,5.0,19-26,4.0,8.0,D,-4
46,"Monday, May 23",OAK,@,SEA,5.0,0.0,20-26,4.0,7.0,N,1
47,"Tuesday, May 24",OAK,@,SEA,5.0,6.0,20-27,4.0,8.0,N,-1
48,"Wednesday, May 25",OAK,@,SEA,3.0,13.0,20-28,4.0,9.0,N,-2
49,"Friday, May 27",OAK,Home,DET,1.0,4.0,20-29,4.0,9.0,N,-3
50,"Saturday, May 28",OAK,Home,DET,12.0,3.0,21-29,4.0,8.0,D,1
51,"Sunday, May 29",OAK,Home,DET,4.0,2.0,22-29,4.0,7.5,D,2
52,"Monday, May 30",OAK,Home,MIN,3.0,2.0,23-29,4.0,7.5,D,3
53,"Tuesday, May 31",OAK,Home,MIN,7.0,4.0,24-29,4.0,7.5,N,4
54,"Wednesday, Jun 1",OAK,Home,MIN,5.0,1.0,25-29,3.0,6.5,D,5
55,"Friday, Jun 3",OAK,@,HOU,2.0,12.0,25-30,5.0,7.5,N,-1
56,"Saturday, Jun 4",OAK,@,HOU,5.0,6.0,25-31,5.0,8.5,D,-2
57,"Sunday, Jun 5",OAK,@,HOU,2.0,5.0,25-32,5.0,9.5,D,-3
58,"Tuesday, Jun 7",OAK,@,MIL,4.0,5.0,25-33,5.0,11.0,N,-4
59,"Wednesday, Jun 8",OAK,@,MIL,0.0,4.0,25-34,5.0,11.0,N,-5
60,"Friday, Jun 10",OAK,@,CIN,1.0,2.0,25-35,5.0,11.5,N,-6
61,"Saturday, Jun 11",OAK,@,CIN,1.0,2.0,25-36,5.0,12.5,D,-7
62,"Sunday, Jun 12",OAK,@,CIN,6.0,1.0,26-36,5.0,12.5,D,1
63,"Monday, Jun 13",OAK,Home,TEX,14.0,5.0,27-36,4.0,11.5,N,2
64,"Tuesday, Jun 14",OAK,Home,TEX,6.0,10.0,27-37,5.0,12.5,N,-1
65,"Wednesday, Jun 15",OAK,Home,TEX,5.0,7.0,27-38,5.0,13.5,N,-2
66,"Thursday, Jun 16",OAK,Home,TEX,1.0,5.0,27-39,5.0,14.5,D,-3
67,"Friday, Jun 17",OAK,Home,LAA,3.0,2.0,28-39,5.0,14.5,N,1
68,"Saturday, Jun 18",OAK,Home,LAA,1.0,7.0,28-40,5.0,15.5,D,-1
69,"Sunday, Jun 19",OAK,Home,LAA,0.0,2.0,28-41,5.0,16.5,D,-2
70,"Tuesday, Jun 21",OAK,Home,MIL,5.0,3.0,29-41,5.0,16.0,N,1
71,"Wednesday, Jun 22",OAK,Home,MIL,2.0,4.0,29-42,5.0,17.0,D,-1
72,"Thursday, Jun 23",OAK,@,LAA,5.0,4.0,30-42,5.0,16.5,N,1
73,"Friday, Jun 24",OAK,@,LAA,7.0,4.0,31-42,4.0,15.5,N,2
74,"Saturday, Jun 25",OAK,@,LAA,7.0,3.0,32-42,4.0,15.5,N,3
75,"Sunday, Jun 26",OAK,@,LAA,6.0,7.0,32-43,4.0,16.5,D,-1
76,"Monday, Jun 27",OAK,@,SFG,8.0,3.0,33-43,4.0,16.5,N,1
77,"Tuesday, Jun 28",OAK,@,SFG,13.0,11.0,34-43,4.0,16.5,N,2
78,"Wednesday, Jun 29",OAK,Home,SFG,7.0,1.0,35-43,4.0,15.5,N,3
79,"Thursday, Jun 30",OAK,Home,SFG,6.0,12.0,35-44,4.0,15.5,N,-1
80,"Friday, Jul 1",OAK,Home,PIT,3.0,7.0,35-45,4.0,16.5,N,-2
81,"Saturday, Jul 2",OAK,Home,PIT,2.0,4.0,35-46,4.0,16.5,N,-3
82,"Sunday, Jul 3",OAK,Home,PIT,3.0,6.0,35-47,4.0,16.5,D,-4
83,"Monday, Jul 4",OAK,@,MIN,3.0,1.0,36-47,4.0,15.5,D,1
84,"Tuesday, Jul 5",OAK,@,MIN,4.0,11.0,36-48,4.0,16.5,N,-1
85,"Wednesday, Jul 6",OAK,@,MIN,0.0,4.0,36-49,4.0,16.5,D,-2
86,"Thursday, Jul 7",OAK,@,HOU,3.0,1.0,37-49,4.0,15.5,N,1
87,"Friday, Jul 8",OAK,@,HOU,9.0,10.0,37-50,4.0,16.5,N,-1
88,"Saturday, Jul 9",OAK,@,HOU,3.0,2.0,38-50,4.0,15.5,D,1
89,"Sunday, Jul 10",OAK,@,HOU,1.0,2.0,38-51,4.0,15.5,D,-1
90,"Friday, Jul 15",OAK,Home,TOR,8.0,7.0,39-51,4.0,14.5,N,1
91,"Saturday, Jul 16",OAK,Home,TOR,5.0,4.0,40-51,4.0,13.5,D,2
92,"Sunday, Jul 17",OAK,Home,TOR,3.0,5.0,40-52,4.0,14.5,D,-1
93,"Monday, Jul 18",OAK,Home,HOU,7.0,4.0,41-52,4.0,13.5,N,1
94,"Tuesday, Jul 19",OAK,Home,HOU,4.0,3.0,42-52,4.0,12.5,N,2
95,"Wednesday, Jul 20",OAK,Home,HOU,0.0,7.0,42-53,5.0,12.5,D,-1
96,"Thursday, Jul 21",OAK,Home,TBR,3.0,7.0,42-54,5.0,13.0,N,-2
97,"Friday, Jul 22",OAK,Home,TBR,1.0,0.0,43-54,5.0,12.0,N,1
98,"Saturday, Jul 23",OAK,Home,TBR,4.0,3.0,44-54,4.0,12.0,N,2
99,"Sunday, Jul 24",OAK,Home,TBR,3.0,2.0,45-54,4.0,12.0,D,3
100,"Monday, Jul 25",OAK,@,TEX,6.0,7.0,45-55,4.0,13.0,N,-1
101,"Tuesday, Jul 26",OAK,@,TEX,6.0,3.0,46-55,4.0,12.0,N,1
102,"Wednesday, Jul 27",OAK,@,TEX,6.0,4.0,47-55,4.0,11.0,N,2
103,"Friday, Jul 29",OAK,@,CLE,3.0,5.0,47-56,4.0,12.5,N,-1
104,"Saturday, Jul 30",OAK,@,CLE,3.0,6.0,47-57,4.0,13.5,N,-2
105,"Sunday, Jul 31",OAK,@,CLE,0.0,8.0,47-58,4.0,14.5,D,-3
106,"Tuesday, Aug 2",OAK,@,LAA,4.0,5.0,47-59,5.0,14.5,N,-4
107,"Wednesday, Aug 3",OAK,@,LAA,6.0,8.0,47-60,5.0,14.5,N,-5
108,"Thursday, Aug 4",OAK,@,LAA,8.0,6.0,48-60,5.0,14.5,D,1
109,"Friday, Aug 5",OAK,Home,CHC,2.0,7.0,48-61,5.0,14.5,N,-1
110,"Saturday, Aug 6",OAK,Home,CHC,0.0,4.0,48-62,5.0,15.5,D,-2
111,"Sunday, Aug 7",OAK,Home,CHC,1.0,3.0,48-63,5.0,16.5,D,-3
112,"Monday, Aug 8",OAK,Home,BAL,3.0,2.0,49-63,5.0,16.5,N,1
113,"Tuesday, Aug 9",OAK,Home,BAL,2.0,1.0,50-63,4.0,16.5,N,2
114,"Wednesday, Aug 10",OAK,Home,BAL,1.0,0.0,51-63,4.0,16.5,N,3
115,"Thursday, Aug 11",OAK,Home,BAL,6.0,9.0,51-64,4.0,16.5,D,-1
116,"Friday, Aug 12",OAK,Home,SEA,6.0,3.0,52-64,4.0,16.5,N,1
117,"Saturday, Aug 13",OAK,Home,SEA,3.0,4.0,52-65,4.0,16.5,N,-1
118,"Sunday, Aug 14",OAK,Home,SEA,4.0,8.0,52-66,4.0,16.5,D,-2
119,"Monday, Aug 15",OAK,@,TEX,2.0,5.0,52-67,4.0,17.5,N,-3
120,"Tuesday, Aug 16",OAK,@,TEX,4.0,5.0,52-68,4.0,18.5,N,-4
121,"Wednesday, Aug 17",OAK,@,TEX,2.0,6.0,52-69,4.0,19.5,N,-5
122,"Friday, Aug 19",OAK,@,CHW,9.0,0.0,53-69,4.0,19.5,N,1
123,"Saturday, Aug 20",OAK,@,CHW,2.0,6.0,53-70,4.0,19.5,N,-1
124,"Sunday, Aug 21",OAK,@,CHW,2.0,4.0,53-71,4.0,19.5,D,-2
125,"Monday, Aug 22",OAK,Home,CLE,0.0,1.0,53-72,4.0,20.0,N,-3
126,"Tuesday, Aug 23",OAK,Home,CLE,9.0,1.0,54-72,4.0,19.0,N,1
127,"Wednesday, Aug 24",OAK,Home,CLE,5.0,1.0,55-72,4.0,19.0,D,2
128,"Friday, Aug 26",OAK,@,STL,1.0,3.0,55-73,4.0,19.5,N,-1
129,"Saturday, Aug 27",OAK,@,STL,3.0,2.0,56-73,4.0,19.5,N,1
130,"Sunday, Aug 28",OAK,@,STL,7.0,4.0,57-73,4.0,19.5,D,2
131,"Monday, Aug 29",OAK,@,HOU,0.0,6.0,57-74,4.0,20.5,N,-1
132,"Tuesday, Aug 30",OAK,@,HOU,1.0,3.0,57-75,5.0,21.5,N,-2
133,"Wednesday, Aug 31",OAK,@,HOU,3.0,4.0,57-76,5.0,22.5,D,-3
134,"Friday, Sep 2",OAK,Home,BOS,2.0,16.0,57-77,5.0,23.5,N,-4
135,"Saturday, Sep 3",OAK,Home,BOS,2.0,11.0,57-78,5.0,24.5,N,-5
136,"Sunday, Sep 4",OAK,Home,BOS,1.0,0.0,58-78,5.0,23.5,D,1
137,"Monday, Sep 5",OAK,Home,LAA,7.0,10.0,58-79,5.0,23.5,D,-1
138,"Tuesday, Sep 6",OAK,Home,LAA,3.0,2.0,59-79,5.0,23.5,N,1
139,"Wednesday, Sep 7",OAK,Home,LAA,4.0,1.0,60-79,5.0,22.5,D,2
140,"Friday, Sep 9",OAK,Home,SEA,2.0,3.0,60-80,5.0,23.0,N,-1
141,"Saturday, Sep 10",OAK,Home,SEA,3.0,14.0,60-81,5.0,24.0,D,-2
142,"Sunday, Sep 11",OAK,Home,SEA,2.0,3.0,60-82,5.0,24.0,D,-3
143,"Monday, Sep 12",OAK,@,KCR,16.0,3.0,61-82,5.0,24.0,N,1
144,"Tuesday, Sep 13",OAK,@,KCR,5.0,4.0,62-82,5.0,24.0,N,2
145,"Wednesday, Sep 14",OAK,@,KCR,8.0,0.0,63-82,4.0,23.0,N,3
146,"Thursday, Sep 15",OAK,@,KCR,14.0,5.0,64-82,4.0,22.5,N,4
147,"Friday, Sep 16",OAK,@,TEX,6.0,7.0,64-83,4.0,23.5,N,-1
148,"Saturday, Sep 17",OAK,@,TEX,11.0,2.0,65-83,4.0,22.5,N,1
149,"Sunday, Sep 18",OAK,@,TEX,5.0,2.0,66-83,4.0,21.5,D,2
150,"Monday, Sep 19",OAK,Home,HOU,2.0,4.0,66-84,4.0,22.5,N,-1
151,"Tuesday, Sep 20",OAK,Home,HOU,1.0,2.0,66-85,4.0,23.5,N,-2
152,"Wednesday, Sep 21",OAK,Home,HOU,5.0,6.0,66-86,4.0,23.5,D,-3
153,"Friday, Sep 23",OAK,Home,TEX,0.0,3.0,66-87,5.0,24.5,N,-4
154,"Saturday, Sep 24",OAK,Home,TEX,0.0,5.0,66-88,5.0,25.5,D,-5
155,"Sunday, Sep 25",OAK,Home,TEX,7.0,1.0,67-88,5.0,24.5,D,1
156,"Monday, Sep 26",OAK,@,LAA,1.0,2.0,67-89,5.0,24.5,N,-1
157,"Tuesday, Sep 27",OAK,@,LAA,1.0,8.0,67-90,5.0,25.5,N,-2
158,"Wednesday, Sep 28",OAK,@,LAA,6.0,8.0,67-91,5.0,26.5,N,-3
159,"Thursday, Sep 29",OAK,@,SEA,2.0,3.0,67-92,5.0,27.0,N,-4
160,"Friday, Sep 30",OAK,@,SEA,1.0,5.0,67-93,5.0,28.0,N,-5
161,"Saturday, Oct 1",OAK,@,SEA,9.0,8.0,68-93,5.0,27.0,N,1
162,"Sunday, Oct 2",OAK,@,SEA,3.0,2.0,69-93,5.0,26.0,D,2
1,"Monday, Apr 3",OAK,Home,LAA,4.0,2.0,1-0,1.0,Tied,N,1
2,"Tuesday, Apr 4",OAK,Home,LAA,6.0,7.0,1-1,2.0,1.0,N,-1
3,"Wednesday, Apr 5",OAK,Home,LAA,0.0,5.0,1-2,3.0,2.0,N,-2
4,"Thursday, Apr 6",OAK,Home,LAA,5.0,1.0,2-2,2.0,1.0,D,1
5,"Friday, Apr 7",OAK,@,TEX,5.0,10.0,2-3,3.0,1.0,N,-1
6,"Saturday, Apr 8",OAK,@,TEX,6.0,1.0,3-3,2.0,1.0,N,1
7,"Sunday, Apr 9",OAK,@,TEX,1.0,8.0,3-4,3.0,2.0,D,-1
8,"Monday, Apr 10",OAK,@,KCR,2.0,0.0,4-4,2.0,1.5,D,1
9,"Wednesday, Apr 12",OAK,@,KCR,8.0,3.0,5-4,3.0,1.0,N,2
10,"Thursday, Apr 13",OAK,@,KCR,1.0,3.0,5-5,3.0,1.0,N,-1
11,"Friday, Apr 14",OAK,Home,HOU,2.0,7.0,5-6,3.0,2.0,N,-2
12,"Saturday, Apr 15",OAK,Home,HOU,6.0,10.0,5-7,3.0,3.0,D,-3
13,"Monday, Apr 17",OAK,Home,TEX,0.0,7.0,5-8,4.0,4.0,N,-4
14,"Tuesday, Apr 18",OAK,Home,TEX,4.0,2.0,6-8,3.0,3.0,N,1
15,"Wednesday, Apr 19",OAK,Home,TEX,9.0,1.0,7-8,2.0,3.0,D,2
16,"Thursday, Apr 20",OAK,Home,SEA,9.0,6.0,8-8,2.0,3.0,N,3
17,"Friday, Apr 21",OAK,Home,SEA,3.0,1.0,9-8,2.0,3.0,N,4
18,"Saturday, Apr 22",OAK,Home,SEA,4.0,3.0,10-8,2.0,2.0,D,5
19,"Sunday, Apr 23",OAK,Home,SEA,1.0,11.0,10-9,2.0,3.0,D,-1
20,"Tuesday, Apr 25",OAK,@,LAA,1.0,2.0,10-10,2.0,4.0,N,-2
21,"Wednesday, Apr 26",OAK,@,LAA,5.0,8.0,10-11,2.0,4.0,N,-3
22,"Thursday, Apr 27",OAK,@,LAA,1.0,2.0,10-12,3.0,4.0,N,-4
23,"Friday, Apr 28",OAK,@,HOU,4.0,9.0,10-13,4.0,5.0,N,-5
24,"Saturday, Apr 29",OAK,@,HOU,2.0,1.0,11-13,3.0,4.0,N,1
25,"Sunday, Apr 30",OAK,@,HOU,2.0,7.0,11-14,3.0,5.0,D,-1
26,"Tuesday, May 2",OAK,@,MIN,1.0,9.0,11-15,3.0,6.5,N,-2
27,"Wednesday, May 3",OAK,@,MIN,4.0,7.0,11-16,4.0,7.5,N,-3
28,"Thursday, May 4",OAK,@,MIN,8.0,5.0,12-16,4.0,6.5,D,1
29,"Friday, May 5",OAK,Home,DET,2.0,7.0,12-17,5.0,7.5,N,-1
30,"Saturday, May 6",OAK,Home,DET,6.0,5.0,13-17,4.0,6.5,N,1
31,"Sunday, May 7",OAK,Home,DET,8.0,6.0,14-17,4.0,6.5,D,2
32,"Monday, May 8",OAK,Home,LAA,3.0,2.0,15-17,2.0,6.0,N,3
33,"Tuesday, May 9",OAK,Home,LAA,3.0,7.0,15-18,4.0,7.0,N,-1
34,"Wednesday, May 10",OAK,Home,LAA,3.0,1.0,16-18,3.0,7.0,D,1
35,"Friday, May 12",OAK,@,TEX,2.0,5.0,16-19,4.0,8.5,N,-1
36,"Saturday, May 13",OAK,@,TEX,5.0,6.0,16-20,5.0,9.0,N,-2
37,"Sunday, May 14",OAK,@,TEX,4.0,6.0,16-21,5.0,9.5,D,-3
38,"Monday, May 15",OAK,@,SEA,5.0,6.0,16-22,5.0,10.5,N,-4
39,"Tuesday, May 16",OAK,@,SEA,9.0,6.0,17-22,5.0,10.5,N,1
40,"Wednesday, May 17",OAK,@,SEA,0.0,4.0,17-23,5.0,11.5,N,-1
41,"Thursday, May 18",OAK,Home,BOS,8.0,3.0,18-23,5.0,11.0,N,1
42,"Friday, May 19",OAK,Home,BOS,3.0,2.0,19-23,5.0,10.0,N,2
43,"Saturday, May 20",OAK,Home,BOS,8.0,3.0,20-23,4.0,9.0,D,3
44,"Sunday, May 21",OAK,Home,BOS,3.0,12.0,20-24,4.0,9.0,D,-1
45,"Tuesday, May 23",OAK,Home,MIA,9.0,11.0,20-25,4.0,10.5,N,-2
46,"Wednesday, May 24",OAK,Home,MIA,4.0,1.0,21-25,4.0,9.5,D,1
47,"Friday, May 26",OAK,@,NYY,4.0,1.0,22-25,4.0,10.0,N,2
48,"Saturday, May 27",OAK,@,NYY,2.0,3.0,22-26,4.0,11.0,D,-1
49,"Sunday, May 28",OAK,@,NYY,5.0,9.0,22-27,4.0,12.0,D,-2
50,"Monday, May 29",OAK,@,CLE,3.0,5.0,22-28,4.0,13.0,D,-3
51,"Tuesday, May 30",OAK,@,CLE,4.0,9.0,22-29,5.0,14.0,N,-4
52,"Wednesday, May 31",OAK,@,CLE,3.0,1.0,23-29,5.0,14.0,N,1
53,"Thursday, Jun 1",OAK,@,CLE,0.0,8.0,23-30,5.0,14.5,D,-1
54,"Friday, Jun 2",OAK,Home,WSN,3.0,13.0,23-31,5.0,15.5,N,-2
55,"Saturday, Jun 3",OAK,Home,WSN,10.0,4.0,24-31,5.0,15.5,D,1
56,"Sunday, Jun 4",OAK,Home,WSN,10.0,11.0,24-32,5.0,16.5,D,-1
57,"Monday, Jun 5",OAK,Home,TOR,5.0,3.0,25-32,5.0,16.5,N,1
58,"Tuesday, Jun 6",OAK,Home,TOR,4.0,1.0,26-32,5.0,15.5,N,2
59,"Wednesday, Jun 7",OAK,Home,TOR,5.0,7.0,26-33,5.0,15.5,D,-1
60,"Friday, Jun 9",OAK,@,TBR,4.0,13.0,26-34,5.0,16.0,N,-2
61,"Saturday, Jun 10 (1)",OAK,@,TBR,5.0,6.0,26-35,5.0,16.5,D,-3
62,"Saturday, Jun 10 (2)",OAK,@,TBR,7.0,2.0,27-35,5.0,16.5,N,1
63,"Sunday, Jun 11",OAK,@,TBR,4.0,5.0,27-36,5.0,16.5,D,-1
64,"Tuesday, Jun 13",OAK,@,MIA,1.0,8.0,27-37,5.0,16.0,N,-2
65,"Wednesday, Jun 14",OAK,@,MIA,6.0,11.0,27-38,5.0,17.0,D,-3
66,"Thursday, Jun 15",OAK,Home,NYY,8.0,7.0,28-38,5.0,16.5,N,1
67,"Friday, Jun 16",OAK,Home,NYY,7.0,6.0,29-38,5.0,15.5,N,2
68,"Saturday, Jun 17",OAK,Home,NYY,5.0,2.0,30-38,5.0,15.5,D,3
69,"Sunday, Jun 18",OAK,Home,NYY,4.0,3.0,31-38,5.0,14.5,D,4
70,"Monday, Jun 19",OAK,Home,HOU,1.0,4.0,31-39,5.0,15.5,N,-1
71,"Tuesday, Jun 20",OAK,Home,HOU,4.0,8.0,31-40,5.0,16.5,N,-2
72,"Wednesday, Jun 21",OAK,Home,HOU,1.0,5.0,31-41,5.0,17.5,N,-3
73,"Thursday, Jun 22",OAK,Home,HOU,9.0,12.0,31-42,5.0,18.5,D,-4
74,"Friday, Jun 23",OAK,@,CHW,3.0,0.0,32-42,5.0,17.5,N,1
75,"Saturday, Jun 24",OAK,@,CHW,10.0,2.0,33-42,5.0,17.5,D,2
76,"Sunday, Jun 25",OAK,@,CHW,5.0,3.0,34-42,5.0,17.5,D,3
77,"Tuesday, Jun 27",OAK,@,HOU,6.0,4.0,35-42,5.0,16.5,N,4
78,"Wednesday, Jun 28",OAK,@,HOU,8.0,11.0,35-43,5.0,17.5,N,-1
79,"Thursday, Jun 29",OAK,@,HOU,1.0,6.0,35-44,5.0,18.5,D,-2
80,"Friday, Jun 30",OAK,Home,ATL,1.0,3.0,35-45,5.0,18.5,N,-3
81,"Saturday, Jul 1",OAK,Home,ATL,3.0,4.0,35-46,5.0,19.5,D,-4
82,"Sunday, Jul 2",OAK,Home,ATL,3.0,4.0,35-47,5.0,20.5,D,-5
83,"Monday, Jul 3",OAK,Home,CHW,2.0,7.0,35-48,5.0,21.0,N,-6
84,"Tuesday, Jul 4",OAK,Home,CHW,7.0,6.0,36-48,5.0,21.0,D,1
85,"Wednesday, Jul 5",OAK,Home,CHW,7.0,4.0,37-48,5.0,21.0,D,2
86,"Thursday, Jul 6",OAK,@,SEA,7.0,4.0,38-48,5.0,20.0,N,3
87,"Friday, Jul 7",OAK,@,SEA,2.0,7.0,38-49,5.0,21.0,N,-1
88,"Saturday, Jul 8",OAK,@,SEA,4.0,3.0,39-49,5.0,20.0,N,1
89,"Sunday, Jul 9",OAK,@,SEA,0.0,4.0,39-50,5.0,21.0,D,-1
90,"Friday, Jul 14",OAK,Home,CLE,5.0,0.0,40-50,5.0,21.0,N,1
91,"Saturday, Jul 15",OAK,Home,CLE,5.0,3.0,41-50,5.0,20.0,N,2
92,"Sunday, Jul 16",OAK,Home,CLE,7.0,3.0,42-50,5.0,20.0,D,3
93,"Monday, Jul 17",OAK,Home,TBR,2.0,3.0,42-51,5.0,20.0,N,-1
94,"Tuesday, Jul 18",OAK,Home,TBR,3.0,4.0,42-52,5.0,21.0,N,-2
95,"Wednesday, Jul 19",OAK,Home,TBR,7.0,2.0,43-52,5.0,20.0,D,1
96,"Friday, Jul 21",OAK,@,NYM,5.0,7.0,43-53,5.0,21.0,N,-1
97,"Saturday, Jul 22",OAK,@,NYM,5.0,6.0,43-54,5.0,22.0,N,-2
98,"Sunday, Jul 23",OAK,@,NYM,3.0,2.0,44-54,5.0,21.0,D,1
99,"Monday, Jul 24",OAK,@,TOR,2.0,4.0,44-55,5.0,22.0,N,-1
100,"Tuesday, Jul 25",OAK,@,TOR,1.0,4.0,44-56,5.0,23.0,N,-2
101,"Wednesday, Jul 26",OAK,@,TOR,2.0,3.0,44-57,5.0,23.0,N,-3
102,"Thursday, Jul 27",OAK,@,TOR,4.0,8.0,44-58,5.0,23.5,D,-4
103,"Friday, Jul 28",OAK,Home,MIN,3.0,6.0,44-59,5.0,24.5,N,-5
104,"Saturday, Jul 29",OAK,Home,MIN,5.0,4.0,45-59,5.0,23.5,N,1
105,"Sunday, Jul 30",OAK,Home,MIN,6.0,5.0,46-59,5.0,22.5,D,2
106,"Monday, Jul 31",OAK,Home,SFG,8.0,5.0,47-59,5.0,22.5,N,3
107,"Tuesday, Aug 1",OAK,Home,SFG,4.0,10.0,47-60,5.0,22.5,N,-1
108,"Wednesday, Aug 2",OAK,@,SFG,6.0,1.0,48-60,5.0,21.5,N,1
109,"Thursday, Aug 3",OAK,@,SFG,2.0,11.0,48-61,5.0,21.5,N,-1
110,"Friday, Aug 4",OAK,@,LAA,6.0,8.0,48-62,5.0,22.5,N,-2
111,"Saturday, Aug 5",OAK,@,LAA,5.0,0.0,49-62,5.0,21.5,N,1
112,"Sunday, Aug 6",OAK,@,LAA,11.0,10.0,50-62,5.0,21.5,D,2
113,"Tuesday, Aug 8",OAK,Home,SEA,6.0,7.0,50-63,5.0,21.5,N,-1
114,"Wednesday, Aug 9",OAK,Home,SEA,3.0,6.0,50-64,5.0,21.5,D,-2
115,"Thursday, Aug 10",OAK,Home,BAL,2.0,7.0,50-65,5.0,21.5,N,-3
116,"Friday, Aug 11",OAK,Home,BAL,5.0,4.0,51-65,5.0,20.5,N,1
117,"Saturday, Aug 12",OAK,Home,BAL,5.0,12.0,51-66,5.0,20.5,N,-1
118,"Sunday, Aug 13",OAK,Home,BAL,9.0,3.0,52-66,5.0,20.5,D,1
119,"Monday, Aug 14",OAK,Home,KCR,2.0,6.0,52-67,5.0,20.5,N,-1
120,"Tuesday, Aug 15",OAK,Home,KCR,10.0,8.0,53-67,5.0,20.5,N,1
121,"Wednesday, Aug 16",OAK,Home,KCR,6.0,7.0,53-68,5.0,21.5,D,-1
122,"Friday, Aug 18",OAK,@,HOU,1.0,3.0,53-69,5.0,22.0,N,-2
123,"Saturday, Aug 19",OAK,@,HOU,0.0,3.0,53-70,5.0,23.0,N,-3
124,"Sunday, Aug 20",OAK,@,HOU,3.0,2.0,54-70,5.0,22.0,D,1
125,"Monday, Aug 21",OAK,@,BAL,3.0,7.0,54-71,5.0,22.5,N,-1
126,"Tuesday, Aug 22",OAK,@,BAL,6.0,4.0,55-71,5.0,21.5,N,1
127,"Wednesday, Aug 23",OAK,@,BAL,7.0,8.0,55-72,5.0,22.5,D,-1
128,"Friday, Aug 25",OAK,Home,TEX,3.0,1.0,56-72,5.0,22.0,N,1
129,"Saturday, Aug 26",OAK,Home,TEX,8.0,3.0,57-72,5.0,21.0,D,2
130,"Sunday, Aug 27",OAK,Home,TEX,8.0,3.0,58-72,5.0,21.0,D,3
131,"Monday, Aug 28",OAK,@,LAA,1.0,3.0,58-73,5.0,21.5,N,-1
132,"Tuesday, Aug 29",OAK,@,LAA,2.0,8.0,58-74,5.0,21.5,N,-2
133,"Wednesday, Aug 30",OAK,@,LAA,8.0,10.0,58-75,5.0,21.5,N,-3
134,"Friday, Sep 1",OAK,@,SEA,2.0,3.0,58-76,5.0,22.5,N,-4
135,"Saturday, Sep 2",OAK,@,SEA,6.0,7.0,58-77,5.0,24.0,N,-5
136,"Sunday, Sep 3",OAK,@,SEA,2.0,10.0,58-78,5.0,25.0,D,-6
137,"Monday, Sep 4",OAK,Home,LAA,9.0,11.0,58-79,5.0,26.0,D,-7
138,"Tuesday, Sep 5",OAK,Home,LAA,7.0,8.0,58-80,5.0,27.0,N,-8
139,"Wednesday, Sep 6",OAK,Home,LAA,3.0,1.0,59-80,5.0,27.0,D,1
140,"Friday, Sep 8",OAK,Home,HOU,9.0,8.0,60-80,5.0,26.0,N,2
141,"Saturday, Sep 9 (1)",OAK,Home,HOU,11.0,1.0,61-80,5.0,24.0,D,3
142,"Saturday, Sep 9 (2)",OAK,Home,HOU,11.0,4.0,62-80,5.0,24.0,N,4
143,"Sunday, Sep 10",OAK,Home,HOU,10.0,2.0,63-80,5.0,23.0,D,5
144,"Tuesday, Sep 12",OAK,@,BOS,1.0,11.0,63-81,5.0,24.0,N,-1
145,"Wednesday, Sep 13",OAK,@,BOS,7.0,3.0,64-81,5.0,23.0,N,1
146,"Thursday, Sep 14",OAK,@,BOS,2.0,6.0,64-82,5.0,24.0,D,-1
147,"Friday, Sep 15",OAK,@,PHI,4.0,0.0,65-82,5.0,24.0,N,1
148,"Saturday, Sep 16",OAK,@,PHI,3.0,5.0,65-83,5.0,25.0,N,-1
149,"Sunday, Sep 17",OAK,@,PHI,6.0,3.0,66-83,5.0,25.0,D,1
150,"Monday, Sep 18",OAK,@,DET,8.0,3.0,67-83,5.0,24.5,N,2
151,"Tuesday, Sep 19",OAK,@,DET,9.0,8.0,68-83,5.0,24.5,N,3
152,"Wednesday, Sep 20",OAK,@,DET,3.0,2.0,69-83,5.0,24.5,D,4
153,"Friday, Sep 22",OAK,Home,TEX,4.0,1.0,70-83,5.0,24.0,N,5
154,"Saturday, Sep 23",OAK,Home,TEX,1.0,0.0,71-83,5.0,24.0,N,6
155,"Sunday, Sep 24",OAK,Home,TEX,8.0,1.0,72-83,5.0,23.0,D,7
156,"Monday, Sep 25",OAK,Home,SEA,1.0,7.0,72-84,5.0,24.0,N,-1
157,"Tuesday, Sep 26",OAK,Home,SEA,3.0,6.0,72-85,5.0,25.0,N,-2
158,"Wednesday, Sep 27",OAK,Home,SEA,6.0,5.0,73-85,5.0,25.0,D,1
159,"Thursday, Sep 28",OAK,@,TEX,4.0,1.0,74-85,5.0,25.0,N,2
160,"Friday, Sep 29",OAK,@,TEX,3.0,5.0,74-86,5.0,26.0,N,-1
161,"Saturday, Sep 30",OAK,@,TEX,4.0,8.0,74-87,5.0,26.0,N,-2
162,"Sunday, Oct 1",OAK,@,TEX,5.0,2.0,75-87,5.0,26.0,D,1
1,"Thursday, Mar 29",OAK,Home,LAA,6.0,5.0,1-0,1.0,Tied,D,1
2,"Friday, Mar 30",OAK,Home,LAA,1.0,2.0,1-1,2.0,0.5,N,-1
3,"Saturday, Mar 31",OAK,Home,LAA,3.0,8.0,1-2,4.0,1.0,D,-2
4,"Sunday, Apr 1",OAK,Home,LAA,4.0,7.0,1-3,4.0,2.0,D,-3
5,"Monday, Apr 2",OAK,Home,TEX,3.0,1.0,2-3,4.0,2.0,N,1
6,"Tuesday, Apr 3",OAK,Home,TEX,1.0,4.0,2-4,4.0,3.0,N,-1
7,"Wednesday, Apr 4",OAK,Home,TEX,6.0,2.0,3-4,4.0,3.0,N,1
8,"Thursday, Apr 5",OAK,Home,TEX,3.0,6.0,3-5,4.0,3.5,D,-1
9,"Friday, Apr 6",OAK,@,LAA,9.0,13.0,3-6,4.0,3.5,N,-2
10,"Saturday, Apr 7",OAK,@,LAA,7.0,3.0,4-6,4.0,3.5,N,1
11,"Sunday, Apr 8",OAK,@,LAA,1.0,6.0,4-7,4.0,4.5,D,-1
12,"Tuesday, Apr 10",OAK,@,LAD,0.0,4.0,4-8,4.0,5.0,N,-2
13,"Wednesday, Apr 11",OAK,@,LAD,16.0,6.0,5-8,4.0,5.0,N,1
14,"Friday, Apr 13",OAK,@,SEA,4.0,7.0,5-9,4.0,6.5,N,-1
15,"Saturday, Apr 14",OAK,@,SEA,8.0,10.0,5-10,4.0,7.5,N,-2
16,"Sunday, Apr 15",OAK,@,SEA,2.0,1.0,6-10,4.0,7.0,D,1
17,"Monday, Apr 16",OAK,Home,CHW,8.0,1.0,7-10,4.0,6.5,N,2
18,"Tuesday, Apr 17",OAK,Home,CHW,10.0,2.0,8-10,4.0,5.5,N,3
19,"Wednesday, Apr 18",OAK,Home,CHW,12.0,11.0,9-10,4.0,4.5,D,4
20,"Friday, Apr 20",OAK,Home,BOS,3.0,7.0,9-11,4.0,4.5,N,-1
21,"Saturday, Apr 21",OAK,Home,BOS,3.0,0.0,10-11,4.0,4.5,N,1
22,"Sunday, Apr 22",OAK,Home,BOS,4.0,1.0,11-11,4.0,4.5,D,2
23,"Monday, Apr 23",OAK,@,TEX,9.0,4.0,12-11,3.0,3.5,N,3
24,"Tuesday, Apr 24",OAK,@,TEX,3.0,2.0,13-11,3.0,3.0,N,4
25,"Wednesday, Apr 25",OAK,@,TEX,2.0,4.0,13-12,4.0,3.5,N,-1
26,"Friday, Apr 27",OAK,@,HOU,8.0,1.0,14-12,4.0,2.5,N,1
27,"Saturday, Apr 28",OAK,@,HOU,0.0,11.0,14-13,4.0,3.5,N,-1
28,"Sunday, Apr 29",OAK,@,HOU,4.0,8.0,14-14,4.0,4.5,D,-2
29,"Tuesday, May 1",OAK,@,SEA,3.0,6.0,14-15,4.0,5.0,N,-3
30,"Wednesday, May 2",OAK,@,SEA,3.0,2.0,15-15,4.0,4.0,N,1
31,"Thursday, May 3",OAK,@,SEA,1.0,4.0,15-16,4.0,4.0,N,-1
32,"Friday, May 4",OAK,Home,BAL,6.0,4.0,16-16,4.0,4.0,N,1
33,"Saturday, May 5",OAK,Home,BAL,2.0,0.0,17-16,4.0,3.0,N,2
34,"Sunday, May 6",OAK,Home,BAL,2.0,1.0,18-16,4.0,3.0,D,3
35,"Monday, May 7",OAK,Home,HOU,2.0,16.0,18-17,4.0,3.5,N,-1
36,"Tuesday, May 8",OAK,Home,HOU,2.0,4.0,18-18,4.0,4.0,N,-2
37,"Wednesday, May 9",OAK,Home,HOU,1.0,4.0,18-19,4.0,5.0,D,-3
38,"Friday, May 11",OAK,@,NYY,10.0,5.0,19-19,4.0,4.0,N,1
39,"Saturday, May 12",OAK,@,NYY,6.0,7.0,19-20,4.0,5.0,D,-1
40,"Sunday, May 13",OAK,@,NYY,2.0,6.0,19-21,4.0,6.0,D,-2
41,"Monday, May 14",OAK,@,BOS,6.0,5.0,20-21,4.0,5.0,N,1
42,"Tuesday, May 15",OAK,@,BOS,5.0,3.0,21-21,4.0,5.0,N,2
43,"Wednesday, May 16",OAK,@,BOS,4.0,6.0,21-22,4.0,6.0,N,-1
44,"Thursday, May 17",OAK,@,TOR,10.0,5.0,22-22,4.0,5.5,N,1
45,"Friday, May 18",OAK,@,TOR,3.0,1.0,23-22,4.0,5.5,N,2
46,"Saturday, May 19",OAK,@,TOR,5.0,4.0,24-22,4.0,4.5,D,3
47,"Sunday, May 20",OAK,@,TOR,9.0,2.0,25-22,4.0,4.5,D,4
48,"Tuesday, May 22",OAK,Home,SEA,2.0,3.0,25-23,4.0,5.5,N,-1
49,"Wednesday, May 23",OAK,Home,SEA,0.0,1.0,25-24,4.0,6.5,N,-2
50,"Thursday, May 24",OAK,Home,SEA,4.0,3.0,26-24,4.0,6.5,D,1
51,"Friday, May 25",OAK,Home,ARI,1.0,7.0,26-25,4.0,7.5,N,-1
52,"Saturday, May 26",OAK,Home,ARI,3.0,0.0,27-25,4.0,6.5,D,1
53,"Sunday, May 27",OAK,Home,ARI,2.0,1.0,28-25,4.0,5.5,D,2
54,"Monday, May 28",OAK,Home,TBR,0.0,1.0,28-26,4.0,6.5,D,-1
55,"Tuesday, May 29",OAK,Home,TBR,3.0,4.0,28-27,4.0,6.5,N,-2
56,"Wednesday, May 30",OAK,Home,TBR,0.0,6.0,28-28,4.0,6.5,N,-3
57,"Thursday, May 31",OAK,Home,TBR,7.0,3.0,29-28,4.0,6.5,D,1
58,"Friday, Jun 1",OAK,@,KCR,16.0,0.0,30-28,4.0,6.5,N,2
59,"Saturday, Jun 2",OAK,@,KCR,4.0,5.0,30-29,4.0,6.5,D,-1
60,"Sunday, Jun 3",OAK,@,KCR,5.0,1.0,31-29,4.0,6.5,D,1
61,"Tuesday, Jun 5",OAK,@,TEX,4.0,7.0,31-30,4.0,7.5,N,-1
62,"Wednesday, Jun 6",OAK,@,TEX,2.0,8.0,31-31,4.0,7.5,N,-2
63,"Thursday, Jun 7",OAK,Home,KCR,4.0,1.0,32-31,4.0,7.5,N,1
64,"Friday, Jun 8",OAK,Home,KCR,7.0,2.0,33-31,4.0,7.5,N,2
65,"Saturday, Jun 9",OAK,Home,KCR,0.0,2.0,33-32,4.0,7.5,D,-1
66,"Sunday, Jun 10",OAK,Home,KCR,3.0,2.0,34-32,4.0,7.5,D,1
67,"Tuesday, Jun 12",OAK,Home,HOU,3.0,6.0,34-33,4.0,9.0,N,-1
68,"Wednesday, Jun 13",OAK,Home,HOU,5.0,13.0,34-34,4.0,10.0,N,-2
69,"Thursday, Jun 14",OAK,Home,HOU,3.0,7.0,34-35,4.0,10.5,D,-3
70,"Friday, Jun 15",OAK,Home,LAA,4.0,8.0,34-36,4.0,11.5,N,-4
71,"Saturday, Jun 16",OAK,Home,LAA,6.0,4.0,35-36,4.0,11.5,D,1
72,"Sunday, Jun 17",OAK,Home,LAA,6.0,5.0,36-36,4.0,11.5,D,2
73,"Tuesday, Jun 19",OAK,@,SDP,4.0,2.0,37-36,4.0,11.0,N,3
74,"Wednesday, Jun 20",OAK,@,SDP,12.0,4.0,38-36,4.0,11.0,D,4
75,"Friday, Jun 22 (1)",OAK,@,CHW,11.0,2.0,39-36,4.0,10.5,D,5
76,"Friday, Jun 22 (2)",OAK,@,CHW,4.0,6.0,39-37,4.0,10.5,N,-1
77,"Saturday, Jun 23",OAK,@,CHW,7.0,6.0,40-37,4.0,10.5,D,1
78,"Sunday, Jun 24",OAK,@,CHW,3.0,10.0,40-38,4.0,11.5,D,-1
79,"Monday, Jun 25",OAK,@,DET,5.0,4.0,41-38,3.0,10.5,D,1
80,"Tuesday, Jun 26",OAK,@,DET,9.0,7.0,42-38,3.0,10.5,N,2
81,"Wednesday, Jun 27",OAK,@,DET,3.0,0.0,43-38,3.0,10.5,N,3
82,"Thursday, Jun 28",OAK,@,DET,4.0,2.0,44-38,3.0,10.5,D,4
83,"Friday, Jun 29",OAK,Home,CLE,3.0,1.0,45-38,3.0,9.5,N,5
84,"Saturday, Jun 30",OAK,Home,CLE,7.0,2.0,46-38,3.0,8.5,D,6
85,"Sunday, Jul 1",OAK,Home,CLE,3.0,15.0,46-39,3.0,8.5,D,-1
86,"Tuesday, Jul 3",OAK,Home,SDP,6.0,2.0,47-39,3.0,8.5,N,1
87,"Wednesday, Jul 4",OAK,Home,SDP,4.0,2.0,48-39,3.0,8.5,D,2
88,"Friday, Jul 6",OAK,@,CLE,4.0,10.0,48-40,3.0,10.0,N,-1
89,"Saturday, Jul 7",OAK,@,CLE,6.0,3.0,49-40,3.0,10.0,D,1
90,"Sunday, Jul 8",OAK,@,CLE,6.0,0.0,50-40,3.0,10.0,D,2
91,"Monday, Jul 9",OAK,@,HOU,2.0,0.0,51-40,3.0,9.0,N,3
92,"Tuesday, Jul 10",OAK,@,HOU,5.0,6.0,51-41,3.0,10.0,N,-1
93,"Wednesday, Jul 11",OAK,@,HOU,8.0,3.0,52-41,3.0,9.0,N,1
94,"Thursday, Jul 12",OAK,@,HOU,6.0,4.0,53-41,3.0,8.0,D,2
95,"Friday, Jul 13",OAK,@,SFG,1.0,7.0,53-42,3.0,9.0,N,-1
96,"Saturday, Jul 14",OAK,@,SFG,4.0,3.0,54-42,3.0,9.0,N,1
97,"Sunday, Jul 15",OAK,@,SFG,6.0,2.0,55-42,3.0,8.0,D,2
98,"Friday, Jul 20",OAK,Home,SFG,1.0,5.0,55-43,3.0,9.0,N,-1
99,"Saturday, Jul 21",OAK,Home,SFG,4.0,3.0,56-43,3.0,9.0,N,1
100,"Sunday, Jul 22",OAK,Home,SFG,6.0,5.0,57-43,3.0,8.0,D,2
101,"Monday, Jul 23",OAK,@,TEX,15.0,3.0,58-43,3.0,7.5,N,3
102,"Tuesday, Jul 24",OAK,@,TEX,13.0,10.0,59-43,3.0,7.5,N,4
103,"Wednesday, Jul 25",OAK,@,TEX,6.0,5.0,60-43,3.0,6.5,N,5
104,"Thursday, Jul 26",OAK,@,TEX,7.0,6.0,61-43,3.0,6.0,N,6
105,"Friday, Jul 27",OAK,@,COL,1.0,3.0,61-44,3.0,6.0,N,-1
106,"Saturday, Jul 28",OAK,@,COL,1.0,4.0,61-45,3.0,6.0,N,-2
107,"Sunday, Jul 29",OAK,@,COL,2.0,3.0,61-46,3.0,6.0,D,-3
108,"Monday, Jul 30",OAK,Home,TOR,10.0,1.0,62-46,3.0,5.0,N,1
109,"Tuesday, Jul 31",OAK,Home,TOR,6.0,2.0,63-46,3.0,5.0,N,2
110,"Wednesday, Aug 1",OAK,Home,TOR,8.0,3.0,64-46,2.0,5.0,D,3
111,"Friday, Aug 3",OAK,Home,DET,1.0,0.0,65-46,2.0,5.0,N,4
112,"Saturday, Aug 4",OAK,Home,DET,2.0,1.0,66-46,2.0,5.0,N,5
113,"Sunday, Aug 5",OAK,Home,DET,6.0,0.0,67-46,2.0,4.0,D,6
114,"Tuesday, Aug 7",OAK,Home,LAD,2.0,4.0,67-47,2.0,5.5,N,-1
115,"Wednesday, Aug 8",OAK,Home,LAD,3.0,2.0,68-47,2.0,5.0,N,1
116,"Friday, Aug 10",OAK,@,LAA,3.0,4.0,68-48,2.0,4.5,N,-1
117,"Saturday, Aug 11",OAK,@,LAA,7.0,0.0,69-48,2.0,3.5,N,1
118,"Sunday, Aug 12",OAK,@,LAA,8.0,7.0,70-48,2.0,2.5,D,2
119,"Monday, Aug 13",OAK,Home,SEA,7.0,6.0,71-48,2.0,2.0,N,3
120,"Tuesday, Aug 14",OAK,Home,SEA,3.0,2.0,72-48,2.0,1.0,N,4
121,"Wednesday, Aug 15",OAK,Home,SEA,0.0,2.0,72-49,2.0,2.0,D,-1
122,"Friday, Aug 17",OAK,Home,HOU,4.0,3.0,73-49,2.0,1.0,N,1
123,"Saturday, Aug 18",OAK,Home,HOU,7.0,1.0,74-49,1.0,Tied,D,2
124,"Sunday, Aug 19",OAK,Home,HOU,4.0,9.0,74-50,2.0,1.0,D,-1
125,"Monday, Aug 20",OAK,Home,TEX,9.0,0.0,75-50,1.0,Tied,N,1
126,"Tuesday, Aug 21",OAK,Home,TEX,6.0,0.0,76-50,1.0,Tied,N,2
127,"Wednesday, Aug 22",OAK,Home,TEX,2.0,4.0,76-51,2.0,1.0,D,-1
128,"Thursday, Aug 23",OAK,@,MIN,4.0,6.0,76-52,2.0,1.5,N,-2
129,"Friday, Aug 24",OAK,@,MIN,7.0,1.0,77-52,2.0,1.5,N,1
130,"Saturday, Aug 25",OAK,@,MIN,6.0,2.0,78-52,2.0,1.5,N,2
131,"Sunday, Aug 26",OAK,@,MIN,6.0,2.0,79-52,2.0,1.5,D,3
132,"Monday, Aug 27",OAK,@,HOU,4.0,11.0,79-53,2.0,2.5,N,-1
133,"Tuesday, Aug 28",OAK,@,HOU,4.0,3.0,80-53,2.0,1.5,N,1
134,"Wednesday, Aug 29",OAK,@,HOU,4.0,5.0,80-54,2.0,2.5,D,-1
135,"Thursday, Aug 30",OAK,Home,SEA,1.0,7.0,80-55,2.0,2.5,N,-2
136,"Friday, Aug 31",OAK,Home,SEA,7.0,5.0,81-55,2.0,1.5,N,1
137,"Saturday, Sep 1",OAK,Home,SEA,7.0,8.0,81-56,2.0,2.5,N,-1
138,"Sunday, Sep 2",OAK,Home,SEA,8.0,2.0,82-56,2.0,2.5,D,1
139,"Monday, Sep 3",OAK,Home,NYY,6.0,3.0,83-56,2.0,2.5,D,2
140,"Tuesday, Sep 4",OAK,Home,NYY,1.0,5.0,83-57,2.0,3.5,N,-1
141,"Wednesday, Sep 5",OAK,Home,NYY,8.0,2.0,84-57,2.0,3.5,N,1
142,"Friday, Sep 7",OAK,Home,TEX,8.0,4.0,85-57,2.0,3.5,N,2
143,"Saturday, Sep 8",OAK,Home,TEX,8.0,6.0,86-57,2.0,3.5,D,3
144,"Sunday, Sep 9",OAK,Home,TEX,7.0,3.0,87-57,2.0,2.5,D,4
145,"Tuesday, Sep 11",OAK,@,BAL,3.0,2.0,88-57,2.0,3.0,N,5
146,"Wednesday, Sep 12",OAK,@,BAL,10.0,0.0,89-57,2.0,3.0,N,6
147,"Thursday, Sep 13",OAK,@,BAL,3.0,5.0,89-58,2.0,3.5,N,-1
148,"Friday, Sep 14",OAK,@,TBR,2.0,1.0,90-58,2.0,2.5,N,1
149,"Saturday, Sep 15",OAK,@,TBR,5.0,7.0,90-59,2.0,3.5,N,-1
150,"Sunday, Sep 16",OAK,@,TBR,4.0,5.0,90-60,2.0,4.5,D,-2
151,"Tuesday, Sep 18",OAK,Home,LAA,7.0,9.0,90-61,2.0,5.0,N,-3
152,"Wednesday, Sep 19",OAK,Home,LAA,10.0,0.0,91-61,2.0,4.0,N,1
153,"Thursday, Sep 20",OAK,Home,LAA,21.0,3.0,92-61,2.0,3.5,D,2
154,"Friday, Sep 21",OAK,Home,MIN,7.0,6.0,93-61,2.0,3.5,N,3
155,"Saturday, Sep 22",OAK,Home,MIN,3.0,2.0,94-61,2.0,3.5,N,4
156,"Sunday, Sep 23",OAK,Home,MIN,1.0,5.0,94-62,2.0,4.5,D,-1
157,"Monday, Sep 24",OAK,@,SEA,7.0,3.0,95-62,2.0,4.5,N,1
158,"Tuesday, Sep 25",OAK,@,SEA,8.0,10.0,95-63,2.0,5.5,N,-1
159,"Wednesday, Sep 26",OAK,@,SEA,9.0,3.0,96-63,2.0,4.5,N,1
160,"Friday, Sep 28",OAK,@,LAA,5.0,8.0,96-64,2.0,5.5,N,-1
161,"Saturday, Sep 29",OAK,@,LAA,5.0,2.0,97-64,2.0,6.0,N,1
162,"Sunday, Sep 30",OAK,@,LAA,4.0,5.0,97-65,2.0,6.0,D,-1
1,"Wednesday, Mar 20",OAK,Home,SEA,7.0,9.0,0-1,5.0,1.0,N,-1
2,"Thursday, Mar 21",OAK,Home,SEA,4.0,5.0,0-2,5.0,2.0,N,-2
3,"Thursday, Mar 28",OAK,Home,LAA,4.0,0.0,1-2,3.0,2.0,D,1
4,"Friday, Mar 29",OAK,Home,LAA,2.0,6.0,1-3,5.0,2.0,N,-1
5,"Saturday, Mar 30",OAK,Home,LAA,4.0,2.0,2-3,3.0,2.0,N,1
6,"Sunday, Mar 31",OAK,Home,LAA,2.0,1.0,3-3,3.0,2.0,D,2
7,"Monday, Apr 1",OAK,Home,BOS,7.0,0.0,4-3,2.0,2.0,N,3
8,"Tuesday, Apr 2",OAK,Home,BOS,1.0,0.0,5-3,2.0,2.0,N,4
9,"Wednesday, Apr 3",OAK,Home,BOS,3.0,6.0,5-4,3.0,2.5,N,-1
10,"Thursday, Apr 4",OAK,Home,BOS,7.0,3.0,6-4,3.0,2.0,D,1
11,"Friday, Apr 5",OAK,@,HOU,2.0,3.0,6-5,3.0,2.0,N,-1
12,"Saturday, Apr 6",OAK,@,HOU,0.0,6.0,6-6,3.0,3.0,N,-2
13,"Sunday, Apr 7",OAK,@,HOU,8.0,9.0,6-7,4.0,4.0,D,-3
14,"Monday, Apr 8",OAK,@,BAL,4.0,12.0,6-8,5.0,5.0,N,-4
15,"Tuesday, Apr 9",OAK,@,BAL,13.0,2.0,7-8,4.0,5.0,N,1
16,"Wednesday, Apr 10",OAK,@,BAL,10.0,3.0,8-8,4.0,5.0,N,2
17,"Thursday, Apr 11",OAK,@,BAL,8.0,5.0,9-8,3.0,5.0,D,3
18,"Friday, Apr 12",OAK,@,TEX,8.0,6.0,10-8,3.0,4.0,N,4
19,"Sunday, Apr 14",OAK,@,TEX,7.0,8.0,10-9,3.0,3.5,D,-1
20,"Tuesday, Apr 16",OAK,Home,HOU,1.0,9.0,10-10,4.0,3.5,N,-2
21,"Wednesday, Apr 17",OAK,Home,HOU,2.0,1.0,11-10,4.0,2.5,N,1
22,"Friday, Apr 19",OAK,Home,TOR,1.0,5.0,11-11,4.0,3.5,N,-1
23,"Saturday, Apr 20",OAK,Home,TOR,1.0,10.0,11-12,4.0,4.5,D,-2
24,"Sunday, Apr 21",OAK,Home,TOR,4.0,5.0,11-13,4.0,4.5,D,-3
25,"Monday, Apr 22",OAK,Home,TEX,6.0,1.0,12-13,4.0,4.0,N,1
26,"Tuesday, Apr 23",OAK,Home,TEX,11.0,5.0,13-13,4.0,3.0,N,2
27,"Wednesday, Apr 24",OAK,Home,TEX,6.0,5.0,14-13,3.0,2.5,D,3
28,"Friday, Apr 26",OAK,@,TOR,2.0,4.0,14-14,3.0,3.5,N,-1
29,"Saturday, Apr 27",OAK,@,TOR,1.0,7.0,14-15,4.0,3.5,D,-2
30,"Sunday, Apr 28",OAK,@,TOR,4.0,5.0,14-16,4.0,4.0,D,-3
31,"Monday, Apr 29",OAK,@,BOS,4.0,9.0,14-17,4.0,4.0,N,-4
32,"Tuesday, Apr 30",OAK,@,BOS,1.0,5.0,14-18,4.0,5.0,N,-5
33,"Wednesday, May 1",OAK,@,BOS,3.0,7.0,14-19,5.0,5.0,D,-6
34,"Friday, May 3",OAK,@,PIT,14.0,1.0,15-19,5.0,4.0,N,1
35,"Saturday, May 4",OAK,@,PIT,4.0,6.0,15-20,5.0,5.0,N,-1
36,"Sunday, May 5",OAK,@,PIT,3.0,5.0,15-21,5.0,6.0,D,-2
37,"Tuesday, May 7",OAK,Home,CIN,2.0,0.0,16-21,5.0,5.5,N,1
38,"Wednesday, May 8",OAK,Home,CIN,5.0,4.0,17-21,4.0,5.5,N,2
39,"Thursday, May 9",OAK,Home,CIN,0.0,3.0,17-22,5.0,6.5,D,-1
40,"Friday, May 10",OAK,Home,CLE,4.0,3.0,18-22,5.0,6.5,N,1
41,"Saturday, May 11",OAK,Home,CLE,3.0,2.0,19-22,4.0,6.5,D,2
42,"Sunday, May 12",OAK,Home,CLE,3.0,5.0,19-23,4.0,7.5,D,-1
43,"Monday, May 13",OAK,@,SEA,5.0,6.0,19-24,5.0,8.5,N,-2
44,"Tuesday, May 14",OAK,@,SEA,3.0,4.0,19-25,5.0,9.5,N,-3
45,"Thursday, May 16",OAK,@,DET,17.0,3.0,20-25,5.0,9.5,D,1
46,"Friday, May 17",OAK,@,DET,7.0,2.0,21-25,5.0,9.5,N,2
47,"Saturday, May 18",OAK,@,DET,4.0,1.0,22-25,3.0,9.5,D,3
48,"Sunday, May 19",OAK,@,DET,7.0,3.0,23-25,2.0,8.5,D,4
49,"Monday, May 20",OAK,@,CLE,6.0,4.0,24-25,2.0,8.5,N,5
50,"Tuesday, May 21",OAK,@,CLE,5.0,3.0,25-25,2.0,8.5,N,6
51,"Wednesday, May 22",OAK,@,CLE,7.0,2.0,26-25,2.0,7.5,D,7
52,"Friday, May 24",OAK,Home,SEA,6.0,2.0,27-25,2.0,7.0,N,8
53,"Saturday, May 25",OAK,Home,SEA,6.0,5.0,28-25,2.0,7.0,D,9
54,"Sunday, May 26",OAK,Home,SEA,7.0,1.0,29-25,2.0,6.0,D,10
55,"Monday, May 27",OAK,Home,LAA,8.0,5.0,30-25,2.0,6.0,D,11
56,"Tuesday, May 28",OAK,Home,LAA,4.0,6.0,30-26,2.0,7.0,N,-1
57,"Wednesday, May 29",OAK,Home,LAA,7.0,12.0,30-27,2.0,7.0,D,-2
58,"Friday, May 31",OAK,Home,HOU,2.0,3.0,30-28,2.0,8.0,N,-3
59,"Saturday, Jun 1",OAK,Home,HOU,1.0,5.0,30-29,3.0,9.0,N,-4
60,"Sunday, Jun 2",OAK,Home,HOU,4.0,6.0,30-30,3.0,10.0,D,-5
61,"Tuesday, Jun 4",OAK,@,LAA,4.0,2.0,31-30,3.0,10.5,N,1
62,"Wednesday, Jun 5",OAK,@,LAA,9.0,10.0,31-31,3.0,10.5,N,-1
63,"Thursday, Jun 6",OAK,@,LAA,7.0,4.0,32-31,3.0,10.5,N,1
64,"Friday, Jun 7",OAK,@,TEX,5.0,3.0,33-31,3.0,10.5,N,2
65,"Saturday, Jun 8 (1)",OAK,@,TEX,5.0,10.0,33-32,3.0,11.0,D,-1
66,"Saturday, Jun 8 (2)",OAK,@,TEX,1.0,3.0,33-33,3.0,11.0,N,-2
67,"Sunday, Jun 9",OAK,@,TEX,9.0,8.0,34-33,3.0,11.0,D,1
68,"Monday, Jun 10",OAK,@,TBR,2.0,6.0,34-34,3.0,11.5,N,-1
69,"Tuesday, Jun 11",OAK,@,TBR,4.0,3.0,35-34,3.0,11.5,N,1
70,"Wednesday, Jun 12",OAK,@,TBR,6.0,2.0,36-34,3.0,10.5,D,2
71,"Friday, Jun 14",OAK,Home,SEA,2.0,9.0,36-35,3.0,11.5,N,-1
72,"Saturday, Jun 15",OAK,Home,SEA,11.0,2.0,37-35,3.0,11.5,N,1
73,"Sunday, Jun 16",OAK,Home,SEA,3.0,6.0,37-36,3.0,11.5,D,-1
74,"Monday, Jun 17",OAK,Home,BAL,3.0,2.0,38-36,3.0,10.5,N,1
75,"Tuesday, Jun 18",OAK,Home,BAL,16.0,2.0,39-36,3.0,9.5,N,2
76,"Wednesday, Jun 19",OAK,Home,BAL,8.0,3.0,40-36,2.0,8.5,D,3
77,"Thursday, Jun 20",OAK,Home,TBR,5.0,4.0,41-36,2.0,7.5,N,4
78,"Friday, Jun 21",OAK,Home,TBR,3.0,5.0,41-37,2.0,7.5,N,-1
79,"Saturday, Jun 22",OAK,Home,TBR,4.0,2.0,42-37,2.0,6.5,D,1
80,"Sunday, Jun 23",OAK,Home,TBR,2.0,8.0,42-38,3.0,7.5,D,-1
81,"Tuesday, Jun 25",OAK,@,STL,7.0,3.0,43-38,3.0,7.5,N,1
82,"Wednesday, Jun 26",OAK,@,STL,2.0,0.0,44-38,3.0,6.5,N,2
83,"Thursday, Jun 27",OAK,@,LAA,3.0,8.0,44-39,3.0,6.5,N,-1
84,"Friday, Jun 28",OAK,@,LAA,7.0,2.0,45-39,3.0,6.5,N,1
85,"Saturday, Jun 29",OAK,@,LAA,4.0,0.0,46-39,3.0,6.5,N,2
86,"Sunday, Jun 30",OAK,@,LAA,12.0,3.0,47-39,2.0,6.5,D,3
87,"Tuesday, Jul 2",OAK,Home,MIN,8.0,6.0,48-39,2.0,6.5,N,4
88,"Wednesday, Jul 3",OAK,Home,MIN,3.0,4.0,48-40,2.0,7.5,N,-1
89,"Thursday, Jul 4",OAK,Home,MIN,7.0,2.0,49-40,2.0,7.0,D,1
90,"Friday, Jul 5",OAK,@,SEA,5.0,2.0,50-40,2.0,6.0,N,2
91,"Saturday, Jul 6",OAK,@,SEA,3.0,6.0,50-41,2.0,7.0,N,-1
92,"Sunday, Jul 7",OAK,@,SEA,7.0,4.0,51-41,2.0,7.0,D,1
93,"Friday, Jul 12",OAK,Home,CHW,5.0,1.0,52-41,2.0,5.5,N,2
94,"Saturday, Jul 13",OAK,Home,CHW,13.0,2.0,53-41,2.0,5.5,D,3
95,"Sunday, Jul 14",OAK,Home,CHW,3.0,2.0,54-41,2.0,5.5,D,4
96,"Tuesday, Jul 16",OAK,Home,SEA,9.0,2.0,55-41,2.0,4.0,N,5
97,"Wednesday, Jul 17",OAK,Home,SEA,10.0,2.0,56-41,2.0,4.0,D,6
98,"Thursday, Jul 18",OAK,@,MIN,3.0,6.0,56-42,2.0,5.0,N,-1
99,"Friday, Jul 19",OAK,@,MIN,5.0,3.0,57-42,2.0,5.0,N,1
100,"Saturday, Jul 20",OAK,@,MIN,5.0,4.0,58-42,2.0,5.0,N,2
101,"Sunday, Jul 21",OAK,@,MIN,6.0,7.0,58-43,2.0,6.0,D,-1
102,"Monday, Jul 22",OAK,@,HOU,1.0,11.0,58-44,2.0,7.0,N,-2
103,"Tuesday, Jul 23",OAK,@,HOU,4.0,3.0,59-44,2.0,6.0,N,1
104,"Wednesday, Jul 24",OAK,@,HOU,2.0,4.0,59-45,2.0,7.0,D,-1
105,"Thursday, Jul 25",OAK,Home,TEX,3.0,11.0,59-46,2.0,7.5,N,-2
106,"Friday, Jul 26",OAK,Home,TEX,2.0,5.0,59-47,2.0,7.5,N,-3
107,"Saturday, Jul 27",OAK,Home,TEX,5.0,4.0,60-47,2.0,7.5,N,1
108,"Sunday, Jul 28",OAK,Home,TEX,6.0,5.0,61-47,2.0,7.5,D,2
109,"Tuesday, Jul 30",OAK,Home,MIL,3.0,2.0,62-47,2.0,7.5,N,3
110,"Wednesday, Jul 31",OAK,Home,MIL,2.0,4.0,62-48,2.0,7.5,N,-1
111,"Thursday, Aug 1",OAK,Home,MIL,5.0,3.0,63-48,2.0,7.5,D,1
112,"Saturday, Aug 3",OAK,Home,STL,8.0,3.0,64-48,2.0,8.0,N,2
113,"Sunday, Aug 4",OAK,Home,STL,4.0,2.0,65-48,2.0,8.0,D,3
114,"Monday, Aug 5",OAK,@,CHC,5.0,6.0,65-49,2.0,8.5,N,-1
115,"Tuesday, Aug 6",OAK,@,CHC,11.0,4.0,66-49,2.0,8.5,N,1
116,"Wednesday, Aug 7",OAK,@,CHC,1.0,10.0,66-50,2.0,9.5,D,-1
117,"Friday, Aug 9",OAK,@,CHW,7.0,0.0,67-50,2.0,9.5,D,1
118,"Saturday, Aug 10",OAK,@,CHW,2.0,3.0,67-51,2.0,10.5,N,-1
119,"Sunday, Aug 11",OAK,@,CHW,2.0,0.0,68-51,2.0,9.5,D,1
120,"Tuesday, Aug 13",OAK,@,SFG,2.0,3.0,68-52,2.0,10.0,N,-1
121,"Wednesday, Aug 14",OAK,@,SFG,9.0,5.0,69-52,2.0,9.0,D,1
122,"Thursday, Aug 15",OAK,Home,HOU,7.0,6.0,70-52,2.0,8.0,N,2
123,"Friday, Aug 16",OAK,Home,HOU,3.0,2.0,71-52,2.0,7.0,N,3
124,"Saturday, Aug 17",OAK,Home,HOU,8.0,4.0,72-52,2.0,6.0,D,4
125,"Sunday, Aug 18",OAK,Home,HOU,1.0,4.0,72-53,2.0,7.0,D,-1
126,"Tuesday, Aug 20",OAK,Home,NYY,6.0,2.0,73-53,2.0,7.5,N,1
127,"Wednesday, Aug 21",OAK,Home,NYY,6.0,4.0,74-53,2.0,6.5,N,2
128,"Thursday, Aug 22",OAK,Home,NYY,5.0,3.0,75-53,2.0,6.5,N,3
129,"Saturday, Aug 24",OAK,Home,SFG,5.0,10.0,75-54,2.0,8.0,N,-1
130,"Sunday, Aug 25",OAK,Home,SFG,4.0,5.0,75-55,2.0,9.0,D,-2
131,"Monday, Aug 26",OAK,@,KCR,19.0,4.0,76-55,2.0,8.5,N,1
132,"Tuesday, Aug 27",OAK,@,KCR,2.0,1.0,77-55,2.0,8.5,N,2
133,"Wednesday, Aug 28",OAK,@,KCR,4.0,6.0,77-56,2.0,9.5,N,-1
134,"Thursday, Aug 29",OAK,@,KCR,9.0,8.0,78-56,2.0,8.5,D,1
135,"Friday, Aug 30",OAK,@,NYY,8.0,2.0,79-56,2.0,8.5,N,2
136,"Saturday, Aug 31",OAK,@,NYY,3.0,4.0,79-57,2.0,8.5,D,-1
137,"Sunday, Sep 1",OAK,@,NYY,4.0,5.0,79-58,2.0,9.5,D,-2
138,"Tuesday, Sep 3",OAK,Home,LAA,7.0,5.0,80-58,2.0,9.0,N,1
139,"Wednesday, Sep 4",OAK,Home,LAA,4.0,0.0,81-58,2.0,8.5,N,2
140,"Thursday, Sep 5",OAK,Home,LAA,10.0,6.0,82-58,2.0,8.5,D,3
141,"Friday, Sep 6",OAK,Home,DET,4.0,5.0,82-59,2.0,9.5,N,-1
142,"Saturday, Sep 7",OAK,Home,DET,10.0,2.0,83-59,2.0,9.5,N,1
143,"Sunday, Sep 8",OAK,Home,DET,3.0,1.0,84-59,2.0,9.5,D,2
144,"Monday, Sep 9",OAK,@,HOU,0.0,15.0,84-60,2.0,10.5,N,-1
145,"Tuesday, Sep 10",OAK,@,HOU,21.0,7.0,85-60,2.0,9.5,N,1
146,"Wednesday, Sep 11",OAK,@,HOU,5.0,3.0,86-60,2.0,8.5,N,2
147,"Thursday, Sep 12",OAK,@,HOU,3.0,2.0,87-60,2.0,7.5,N,3
148,"Friday, Sep 13",OAK,@,TEX,14.0,9.0,88-60,2.0,7.5,N,4
149,"Saturday, Sep 14",OAK,@,TEX,8.0,6.0,89-60,2.0,7.5,N,5
150,"Sunday, Sep 15",OAK,@,TEX,6.0,1.0,90-60,2.0,7.5,D,6
151,"Monday, Sep 16",OAK,Home,KCR,5.0,6.0,90-61,2.0,8.0,N,-1
152,"Tuesday, Sep 17",OAK,Home,KCR,2.0,1.0,91-61,2.0,8.0,N,1
153,"Wednesday, Sep 18",OAK,Home,KCR,1.0,0.0,92-61,2.0,8.0,D,2
154,"Friday, Sep 20",OAK,Home,TEX,8.0,0.0,93-61,2.0,8.0,N,3
155,"Saturday, Sep 21",OAK,Home,TEX,12.0,3.0,94-61,2.0,7.0,N,4
156,"Sunday, Sep 22",OAK,Home,TEX,3.0,8.0,94-62,2.0,8.0,D,-1
157,"Tuesday, Sep 24",OAK,@,LAA,2.0,3.0,94-63,2.0,9.0,N,-2
158,"Wednesday, Sep 25",OAK,@,LAA,3.0,2.0,95-63,2.0,9.0,N,1
159,"Thursday, Sep 26",OAK,@,SEA,3.0,1.0,96-63,2.0,8.0,N,2
160,"Friday, Sep 27",OAK,@,SEA,3.0,4.0,96-64,2.0,9.0,N,-1
161,"Saturday, Sep 28",OAK,@,SEA,1.0,0.0,97-64,2.0,9.0,N,1
162,"Sunday, Sep 29",OAK,@,SEA,1.0,3.0,97-65,2.0,10.0,D,-1
1,"Friday, Jul 24",OAK,Home,LAA,7.0,3.0,1-0,1.0,Tied,N,1
2,"Saturday, Jul 25",OAK,Home,LAA,1.0,4.0,1-1,2.0,1.0,D,-1
3,"Sunday, Jul 26",OAK,Home,LAA,6.0,4.0,2-1,1.0,Tied,D,1
4,"Monday, Jul 27",OAK,Home,LAA,3.0,0.0,3-1,1.0,Tied,D,2
5,"Tuesday, Jul 28",OAK,Home,COL,3.0,8.0,3-2,1.0,Tied,N,-1
6,"Wednesday, Jul 29",OAK,Home,COL,1.0,5.0,3-3,1.0,Tied,D,-2
7,"Friday, Jul 31",OAK,@,SEA,3.0,5.0,3-4,3.0,1.0,N,-3
8,"Saturday, Aug 1",OAK,@,SEA,3.0,2.0,4-4,1.0,Tied,N,1
9,"Sunday, Aug 2",OAK,@,SEA,3.0,2.0,5-4,1.0,Tied,D,2
10,"Monday, Aug 3",OAK,@,SEA,11.0,1.0,6-4,1.0,up 0.5,N,3
11,"Tuesday, Aug 4",OAK,Home,TEX,5.0,1.0,7-4,1.0,up 0.5,N,4
12,"Wednesday, Aug 5",OAK,Home,TEX,6.0,4.0,8-4,1.0,up 1.5,N,5
13,"Thursday, Aug 6",OAK,Home,TEX,6.0,4.0,9-4,1.0,up 2.5,D,6
14,"Friday, Aug 7",OAK,Home,HOU,3.0,2.0,10-4,1.0,up 3.5,N,7
15,"Saturday, Aug 8",OAK,Home,HOU,3.0,1.0,11-4,1.0,up 4.5,D,8
16,"Sunday, Aug 9",OAK,Home,HOU,7.0,2.0,12-4,1.0,up 5.0,D,9
17,"Monday, Aug 10",OAK,@,LAA,9.0,10.0,12-5,1.0,up 4.5,N,-1
18,"Tuesday, Aug 11",OAK,@,LAA,0.0,6.0,12-6,1.0,up 4.0,N,-2
19,"Wednesday, Aug 12",OAK,@,LAA,8.0,4.0,13-6,1.0,up 4.0,D,1
20,"Friday, Aug 14",OAK,@,SFG,8.0,7.0,14-6,1.0,up 4.0,N,2
21,"Saturday, Aug 15",OAK,@,SFG,7.0,6.0,15-6,1.0,up 4.0,D,3
22,"Sunday, Aug 16",OAK,@,SFG,15.0,3.0,16-6,1.0,up 4.5,D,4
23,"Monday, Aug 17",OAK,@,ARI,3.0,4.0,16-7,1.0,up 3.5,N,-1
24,"Tuesday, Aug 18",OAK,@,ARI,1.0,10.0,16-8,1.0,up 2.5,D,-2
25,"Wednesday, Aug 19",OAK,Home,ARI,4.0,1.0,17-8,1.0,up 2.5,N,1
26,"Thursday, Aug 20",OAK,Home,ARI,5.0,1.0,18-8,1.0,up 2.5,N,2
27,"Friday, Aug 21",OAK,Home,LAA,5.0,3.0,19-8,1.0,up 3.5,N,3
28,"Saturday, Aug 22",OAK,Home,LAA,3.0,4.0,19-9,1.0,up 3.5,D,-1
29,"Sunday, Aug 23",OAK,Home,LAA,5.0,4.0,20-9,1.0,up 4.5,D,1
30,"Monday, Aug 24",OAK,@,TEX,2.0,3.0,20-10,1.0,up 3.5,N,-1
31,"Tuesday, Aug 25",OAK,@,TEX,10.0,3.0,21-10,1.0,up 4.0,N,1
32,"Wednesday, Aug 26",OAK,@,TEX,3.0,1.0,22-10,1.0,up 4.5,N,2
33,"Saturday, Aug 29 (1)",OAK,@,HOU,2.0,4.0,22-11,1.0,up 2.5,D,-1
34,"Saturday, Aug 29 (2)",OAK,@,HOU,3.0,6.0,22-12,1.0,up 2.5,N,-2
35,"Friday, Sep 4",OAK,Home,SDP,0.0,7.0,22-13,1.0,up 2.0,N,-3
36,"Saturday, Sep 5",OAK,Home,SDP,8.0,4.0,23-13,1.0,up 3.5,D,1
37,"Sunday, Sep 6",OAK,Home,SDP,3.0,5.0,23-14,1.0,up 3.5,D,-1
38,"Monday, Sep 7",OAK,Home,HOU,6.0,0.0,24-14,1.0,up 4.5,N,1
39,"Tuesday, Sep 8 (1)",OAK,Home,HOU,4.0,2.0,25-14,1.0,up 4.5,D,2
40,"Tuesday, Sep 8 (2)",OAK,Home,HOU,4.0,5.0,25-15,1.0,up 4.5,N,-1
41,"Wednesday, Sep 9",OAK,Home,HOU,3.0,2.0,26-15,1.0,up 5.5,N,1
42,"Thursday, Sep 10",OAK,Home,HOU,3.0,1.0,27-15,1.0,up 6.5,D,2
43,"Friday, Sep 11",OAK,@,TEX,10.0,6.0,28-15,1.0,up 7.0,N,3
44,"Saturday, Sep 12 (1)",OAK,@,TEX,2.0,5.0,28-16,1.0,up 6.5,D,-1
45,"Saturday, Sep 12 (2)",OAK,@,TEX,10.0,1.0,29-16,1.0,up 6.5,N,1
46,"Sunday, Sep 13",OAK,@,TEX,3.0,6.0,29-17,1.0,up 6.5,D,-1
47,"Monday, Sep 14 (1)",OAK,@,SEA,5.0,6.0,29-18,1.0,up 6.5,D,-2
48,"Monday, Sep 14 (2)",OAK,@,SEA,9.0,0.0,30-18,1.0,up 6.5,N,1
49,"Tuesday, Sep 15",OAK,@,COL,1.0,3.0,30-19,1.0,up 5.5,N,-1
50,"Wednesday, Sep 16",OAK,@,COL,3.0,1.0,31-19,1.0,up 6.5,D,1
51,"Friday, Sep 18",OAK,Home,SFG,6.0,0.0,32-19,1.0,up 7.0,N,2
52,"Saturday, Sep 19",OAK,Home,SFG,6.0,0.0,33-19,1.0,up 7.0,D,3
53,"Sunday, Sep 20",OAK,Home,SFG,2.0,14.0,33-20,1.0,up 6.0,D,-1
54,"Tuesday, Sep 22",OAK,@,LAD,2.0,7.0,33-21,1.0,up 5.5,N,-2
55,"Wednesday, Sep 23",OAK,@,LAD,6.0,4.0,34-21,1.0,up 6.5,N,1
56,"Thursday, Sep 24",OAK,@,LAD,1.0,5.0,34-22,1.0,up 5.5,N,-1
57,"Friday, Sep 25",OAK,Home,SEA,3.0,1.0,35-22,1.0,up 6.5,N,1
58,"Saturday, Sep 26 (1)",OAK,Home,SEA,1.0,5.0,35-23,1.0,up 6.0,D,-1
59,"Saturday, Sep 26 (2)",OAK,Home,SEA,3.0,12.0,35-24,1.0,up 6.0,D,-2
60,"Sunday, Sep 27",OAK,Home,SEA,6.0,2.0,36-24,1.0,up 7.0,D,1
1,"Thursday, Apr 1",OAK,Home,HOU,1.0,8.0,0-1,4.0,1.0,N,-1
2,"Friday, Apr 2",OAK,Home,HOU,5.0,9.0,0-2,5.0,2.0,N,-2
3,"Saturday, Apr 3",OAK,Home,HOU,1.0,9.0,0-3,5.0,3.0,D,-3
4,"Sunday, Apr 4",OAK,Home,HOU,2.0,9.0,0-4,5.0,4.0,D,-4
5,"Monday, Apr 5",OAK,Home,LAD,3.0,10.0,0-5,5.0,4.0,N,-5
6,"Tuesday, Apr 6",OAK,Home,LAD,1.0,5.0,0-6,5.0,5.0,N,-6
7,"Wednesday, Apr 7",OAK,Home,LAD,4.0,3.0,1-6,5.0,4.5,D,1
8,"Thursday, Apr 8",OAK,@,HOU,2.0,6.0,1-7,5.0,5.5,N,-1
9,"Friday, Apr 9",OAK,@,HOU,6.0,2.0,2-7,5.0,4.5,N,1
10,"Saturday, Apr 10",OAK,@,HOU,7.0,3.0,3-7,5.0,3.5,D,2
11,"Monday, Apr 12",OAK,@,ARI,9.0,5.0,4-7,4.0,3.5,N,3
12,"Tuesday, Apr 13",OAK,@,ARI,7.0,5.0,5-7,4.0,2.5,D,4
13,"Thursday, Apr 15",OAK,Home,DET,8.0,4.0,6-7,4.0,2.0,N,5
14,"Friday, Apr 16",OAK,Home,DET,3.0,0.0,7-7,3.0,2.0,N,6
15,"Saturday, Apr 17",OAK,Home,DET,7.0,0.0,8-7,3.0,1.0,D,7
16,"Sunday, Apr 18",OAK,Home,DET,3.0,2.0,9-7,3.0,1.0,D,8
17,"Tuesday, Apr 20 (1)",OAK,Home,MIN,7.0,0.0,10-7,1.0,Tied,D,9
18,"Tuesday, Apr 20 (2)",OAK,Home,MIN,1.0,0.0,11-7,1.0,Tied,N,10
19,"Wednesday, Apr 21",OAK,Home,MIN,13.0,12.0,12-7,1.0,up 0.5,D,11
20,"Friday, Apr 23",OAK,@,BAL,3.0,1.0,13-7,1.0,up 1.0,N,12
21,"Saturday, Apr 24",OAK,@,BAL,7.0,2.0,14-7,1.0,up 1.0,N,13
22,"Sunday, Apr 25",OAK,@,BAL,1.0,8.0,14-8,1.0,up 1.0,D,-1
23,"Monday, Apr 26",OAK,@,TBR,2.0,1.0,15-8,1.0,up 2.0,N,1
24,"Tuesday, Apr 27",OAK,@,TBR,3.0,4.0,15-9,1.0,up 2.0,N,-1
25,"Wednesday, Apr 28",OAK,@,TBR,0.0,2.0,15-10,1.0,up 1.5,N,-2
26,"Thursday, Apr 29",OAK,@,TBR,3.0,2.0,16-10,1.0,up 2.0,D,1
27,"Friday, Apr 30",OAK,Home,BAL,2.0,3.0,16-11,1.0,up 1.0,N,-1
28,"Saturday, May 1",OAK,Home,BAL,4.0,8.0,16-12,1.0,up 0.5,D,-2
29,"Sunday, May 2",OAK,Home,BAL,7.0,5.0,17-12,1.0,up 1.0,D,1
30,"Monday, May 3",OAK,Home,TOR,5.0,4.0,18-12,1.0,up 2.0,N,2
31,"Tuesday, May 4",OAK,Home,TOR,4.0,1.0,19-12,1.0,up 2.0,N,3
32,"Wednesday, May 5",OAK,Home,TOR,4.0,9.0,19-13,1.0,up 2.0,N,-1
33,"Thursday, May 6",OAK,Home,TOR,4.0,10.0,19-14,1.0,up 1.5,D,-2
34,"Friday, May 7",OAK,Home,TBR,2.0,1.0,20-14,1.0,up 1.5,N,1
35,"Saturday, May 8",OAK,Home,TBR,6.0,3.0,21-14,1.0,up 2.5,D,2
36,"Sunday, May 9",OAK,Home,TBR,3.0,4.0,21-15,1.0,up 2.0,D,-1
37,"Tuesday, May 11",OAK,@,BOS,3.0,2.0,22-15,1.0,up 2.5,N,1
38,"Wednesday, May 12",OAK,@,BOS,4.0,1.0,23-15,1.0,up 2.5,N,2
39,"Thursday, May 13",OAK,@,BOS,1.0,8.0,23-16,1.0,up 1.5,N,-1
40,"Friday, May 14",OAK,@,MIN,6.0,1.0,24-16,1.0,up 1.5,N,1
41,"Saturday, May 15",OAK,@,MIN,4.0,5.0,24-17,1.0,up 0.5,D,-1
42,"Sunday, May 16",OAK,@,MIN,7.0,6.0,25-17,1.0,up 0.5,D,1
43,"Tuesday, May 18",OAK,Home,HOU,6.0,5.0,26-17,1.0,up 1.5,N,2
44,"Wednesday, May 19",OAK,Home,HOU,1.0,8.0,26-18,1.0,up 0.5,N,-1
45,"Thursday, May 20",OAK,Home,HOU,4.0,8.0,26-19,2.0,0.5,D,-2
46,"Friday, May 21",OAK,@,LAA,8.0,4.0,27-19,1.0,up 0.5,N,1
47,"Saturday, May 22",OAK,@,LAA,6.0,2.0,28-19,1.0,up 1.5,N,2
48,"Sunday, May 23",OAK,@,LAA,5.0,6.0,28-20,1.0,up 1.5,D,-1
49,"Monday, May 24",OAK,Home,SEA,2.0,4.0,28-21,1.0,up 1.0,N,-2
50,"Tuesday, May 25",OAK,Home,SEA,3.0,4.0,28-22,1.0,up 1.0,N,-3
51,"Wednesday, May 26",OAK,Home,SEA,6.0,3.0,29-22,1.0,up 1.0,D,1
52,"Thursday, May 27",OAK,Home,LAA,5.0,0.0,30-22,1.0,up 1.5,N,2
53,"Friday, May 28",OAK,Home,LAA,3.0,1.0,31-22,1.0,up 2.5,N,3
54,"Saturday, May 29",OAK,Home,LAA,0.0,4.0,31-23,1.0,up 2.5,D,-1
55,"Sunday, May 30",OAK,Home,LAA,2.0,4.0,31-24,1.0,up 1.5,D,-2
56,"Monday, May 31",OAK,@,SEA,5.0,6.0,31-25,1.0,up 0.5,D,-3
57,"Tuesday, Jun 1",OAK,@,SEA,12.0,6.0,32-25,1.0,up 0.5,N,1
58,"Wednesday, Jun 2",OAK,@,SEA,6.0,0.0,33-25,1.0,up 0.5,N,2
59,"Friday, Jun 4",OAK,@,COL,9.0,5.0,34-25,1.0,up 1.0,N,3
60,"Saturday, Jun 5",OAK,@,COL,6.0,3.0,35-25,1.0,up 2.0,N,4
61,"Sunday, Jun 6",OAK,@,COL,1.0,3.0,35-26,1.0,up 1.0,D,-1
62,"Tuesday, Jun 8",OAK,Home,ARI,5.0,2.0,36-26,1.0,up 1.0,N,1
63,"Wednesday, Jun 9",OAK,Home,ARI,4.0,0.0,37-26,1.0,up 1.0,D,2
64,"Thursday, Jun 10",OAK,Home,KCR,1.0,6.0,37-27,1.0,up 1.0,N,-1
65,"Friday, Jun 11",OAK,Home,KCR,4.0,3.0,38-27,1.0,up 1.0,N,1
66,"Saturday, Jun 12",OAK,Home,KCR,11.0,2.0,39-27,1.0,up 2.0,D,2
67,"Sunday, Jun 13",OAK,Home,KCR,6.0,3.0,40-27,1.0,up 2.0,D,3
68,"Monday, Jun 14",OAK,Home,LAA,8.0,5.0,41-27,1.0,up 2.5,N,4
69,"Tuesday, Jun 15",OAK,Home,LAA,6.0,4.0,42-27,1.0,up 2.5,N,5
70,"Wednesday, Jun 16",OAK,Home,LAA,8.0,4.0,43-27,1.0,up 2.5,D,6
71,"Friday, Jun 18",OAK,@,NYY,5.0,3.0,44-27,1.0,up 2.0,N,7
72,"Saturday, Jun 19",OAK,@,NYY,5.0,7.0,44-28,1.0,up 1.0,D,-1
73,"Sunday, Jun 20",OAK,@,NYY,1.0,2.0,44-29,1.0,Tied,D,-2
74,"Monday, Jun 21",OAK,@,TEX,3.0,8.0,44-30,2.0,1.0,N,-3
75,"Tuesday, Jun 22",OAK,@,TEX,13.0,6.0,45-30,2.0,1.0,N,1
76,"Wednesday, Jun 23",OAK,@,TEX,3.0,5.0,45-31,2.0,2.0,N,-1
77,"Thursday, Jun 24",OAK,@,TEX,5.0,1.0,46-31,2.0,2.0,D,1
78,"Friday, Jun 25",OAK,@,SFG,0.0,2.0,46-32,2.0,2.5,N,-1
79,"Saturday, Jun 26",OAK,@,SFG,5.0,6.0,46-33,2.0,3.0,N,-2
80,"Sunday, Jun 27",OAK,@,SFG,6.0,2.0,47-33,2.0,2.0,D,1
81,"Tuesday, Jun 29",OAK,Home,TEX,4.0,5.0,47-34,2.0,1.5,N,-1
82,"Wednesday, Jun 30",OAK,Home,TEX,3.0,1.0,48-34,2.0,0.5,N,1
83,"Thursday, Jul 1",OAK,Home,TEX,3.0,8.0,48-35,2.0,1.5,D,-1
84,"Friday, Jul 2",OAK,Home,BOS,2.0,3.0,48-36,2.0,2.5,N,-2
85,"Saturday, Jul 3",OAK,Home,BOS,7.0,6.0,49-36,2.0,2.5,D,1
86,"Sunday, Jul 4",OAK,Home,BOS,0.0,1.0,49-37,2.0,3.5,D,-1
87,"Tuesday, Jul 6",OAK,@,HOU,6.0,9.0,49-38,2.0,4.5,N,-2
88,"Wednesday, Jul 7",OAK,@,HOU,3.0,4.0,49-39,2.0,5.5,N,-3
89,"Thursday, Jul 8",OAK,@,HOU,2.0,1.0,50-39,2.0,4.5,D,1
90,"Friday, Jul 9",OAK,@,TEX,2.0,3.0,50-40,2.0,4.5,N,-1
91,"Saturday, Jul 10",OAK,@,TEX,8.0,4.0,51-40,2.0,3.5,D,1
92,"Sunday, Jul 11",OAK,@,TEX,4.0,1.0,52-40,2.0,3.5,D,2
93,"Friday, Jul 16",OAK,Home,CLE,5.0,4.0,53-40,2.0,3.5,N,3
94,"Saturday, Jul 17",OAK,Home,CLE,2.0,3.0,53-41,2.0,3.5,D,-1
95,"Sunday, Jul 18",OAK,Home,CLE,2.0,4.0,53-42,2.0,3.5,D,-2
96,"Monday, Jul 19",OAK,Home,LAA,4.0,1.0,54-42,2.0,3.5,N,1
97,"Tuesday, Jul 20",OAK,Home,LAA,6.0,0.0,55-42,2.0,3.5,D,2
98,"Thursday, Jul 22",OAK,@,SEA,4.0,1.0,56-42,2.0,2.5,N,3
99,"Friday, Jul 23",OAK,@,SEA,3.0,4.0,56-43,2.0,3.5,N,-1
100,"Saturday, Jul 24",OAK,@,SEA,4.0,5.0,56-44,2.0,4.5,N,-2
101,"Sunday, Jul 25",OAK,@,SEA,3.0,4.0,56-45,2.0,5.5,D,-3
102,"Tuesday, Jul 27",OAK,@,SDP,4.0,7.0,56-46,2.0,6.0,N,-4
103,"Wednesday, Jul 28",OAK,@,SDP,10.0,4.0,57-46,2.0,6.0,D,1
104,"Thursday, Jul 29",OAK,@,LAA,4.0,0.0,58-46,2.0,5.5,N,2
105,"Friday, Jul 30",OAK,@,LAA,2.0,0.0,59-46,2.0,5.5,N,3
106,"Saturday, Jul 31",OAK,@,LAA,0.0,1.0,59-47,2.0,5.5,D,-1
107,"Sunday, Aug 1",OAK,@,LAA,8.0,3.0,60-47,2.0,4.5,D,1
108,"Tuesday, Aug 3",OAK,Home,SDP,1.0,8.0,60-48,2.0,5.5,N,-1
109,"Wednesday, Aug 4",OAK,Home,SDP,5.0,4.0,61-48,2.0,4.5,D,1
110,"Friday, Aug 6",OAK,Home,TEX,4.0,1.0,62-48,2.0,3.0,N,2
111,"Saturday, Aug 7",OAK,Home,TEX,12.0,3.0,63-48,2.0,3.0,D,3
112,"Sunday, Aug 8",OAK,Home,TEX,6.0,3.0,64-48,2.0,2.0,D,4
113,"Tuesday, Aug 10",OAK,@,CLE,4.0,3.0,65-48,2.0,2.0,N,5
114,"Wednesday, Aug 11",OAK,@,CLE,6.0,3.0,66-48,2.0,2.0,N,6
115,"Thursday, Aug 12",OAK,@,CLE,17.0,0.0,67-48,2.0,1.5,D,7
116,"Friday, Aug 13",OAK,@,TEX,6.0,8.0,67-49,2.0,2.5,N,-1
117,"Saturday, Aug 14",OAK,@,TEX,8.0,3.0,68-49,2.0,2.5,N,1
118,"Sunday, Aug 15",OAK,@,TEX,4.0,7.0,68-50,2.0,2.5,D,-1
119,"Monday, Aug 16",OAK,@,CHW,2.0,5.0,68-51,2.0,2.5,N,-2
120,"Tuesday, Aug 17",OAK,@,CHW,0.0,9.0,68-52,2.0,2.5,N,-3
121,"Wednesday, Aug 18",OAK,@,CHW,2.0,3.0,68-53,2.0,2.5,N,-4
122,"Thursday, Aug 19",OAK,@,CHW,5.0,4.0,69-53,2.0,2.5,D,1
123,"Friday, Aug 20",OAK,Home,SFG,4.0,1.0,70-53,2.0,2.5,N,2
124,"Saturday, Aug 21",OAK,Home,SFG,5.0,6.0,70-54,2.0,3.5,D,-1
125,"Sunday, Aug 22",OAK,Home,SFG,1.0,2.0,70-55,2.0,3.5,D,-2
126,"Monday, Aug 23",OAK,Home,SEA,3.0,5.0,70-56,2.0,3.5,N,-3
127,"Tuesday, Aug 24",OAK,Home,SEA,1.0,5.0,70-57,2.0,4.5,D,-4
128,"Thursday, Aug 26",OAK,Home,NYY,6.0,7.0,70-58,2.0,5.5,N,-5
129,"Friday, Aug 27",OAK,Home,NYY,2.0,8.0,70-59,2.0,6.5,N,-6
130,"Saturday, Aug 28",OAK,Home,NYY,3.0,2.0,71-59,2.0,6.5,D,1
131,"Sunday, Aug 29",OAK,Home,NYY,3.0,1.0,72-59,2.0,5.5,D,2
132,"Tuesday, Aug 31",OAK,@,DET,9.0,3.0,73-59,2.0,5.0,N,3
133,"Wednesday, Sep 1",OAK,@,DET,6.0,8.0,73-60,2.0,5.0,N,-1
134,"Thursday, Sep 2",OAK,@,DET,8.0,6.0,74-60,2.0,4.5,D,1
135,"Friday, Sep 3",OAK,@,TOR,10.0,11.0,74-61,2.0,5.5,N,-1
136,"Saturday, Sep 4",OAK,@,TOR,8.0,10.0,74-62,2.0,5.5,D,-2
137,"Sunday, Sep 5",OAK,@,TOR,0.0,8.0,74-63,3.0,5.5,D,-3
138,"Tuesday, Sep 7",OAK,Home,CHW,3.0,6.0,74-64,3.0,7.0,N,-4
139,"Wednesday, Sep 8",OAK,Home,CHW,5.0,1.0,75-64,3.0,6.0,N,1
140,"Thursday, Sep 9",OAK,Home,CHW,3.0,1.0,76-64,2.0,5.5,D,2
141,"Friday, Sep 10",OAK,Home,TEX,10.0,5.0,77-64,2.0,5.5,N,3
142,"Saturday, Sep 11",OAK,Home,TEX,6.0,8.0,77-65,2.0,5.5,D,-1
143,"Sunday, Sep 12",OAK,Home,TEX,3.0,4.0,77-66,2.0,6.5,D,-2
144,"Tuesday, Sep 14",OAK,@,KCR,7.0,10.0,77-67,3.0,7.0,N,-3
145,"Wednesday, Sep 15",OAK,@,KCR,12.0,10.0,78-67,2.0,7.0,N,1
146,"Thursday, Sep 16",OAK,@,KCR,7.0,2.0,79-67,2.0,7.0,D,2
147,"Friday, Sep 17",OAK,@,LAA,5.0,4.0,80-67,2.0,7.0,N,3
148,"Saturday, Sep 18",OAK,@,LAA,3.0,1.0,81-67,2.0,6.0,N,4
149,"Sunday, Sep 19",OAK,@,LAA,3.0,2.0,82-67,2.0,6.0,D,5
150,"Monday, Sep 20",OAK,Home,SEA,2.0,4.0,82-68,2.0,7.0,N,-1
151,"Tuesday, Sep 21",OAK,Home,SEA,2.0,5.0,82-69,2.0,8.0,N,-2
152,"Wednesday, Sep 22",OAK,Home,SEA,1.0,4.0,82-70,3.0,9.0,N,-3
153,"Thursday, Sep 23",OAK,Home,SEA,5.0,6.0,82-71,3.0,9.0,D,-4
154,"Friday, Sep 24",OAK,Home,HOU,14.0,2.0,83-71,3.0,8.0,N,1
155,"Saturday, Sep 25",OAK,Home,HOU,2.0,1.0,84-71,3.0,7.0,D,2
156,"Sunday, Sep 26",OAK,Home,HOU,4.0,3.0,85-71,3.0,6.0,D,3
157,"Monday, Sep 27",OAK,@,SEA,4.0,13.0,85-72,3.0,6.5,N,-1
158,"Tuesday, Sep 28",OAK,@,SEA,2.0,4.0,85-73,3.0,7.5,N,-2
159,"Wednesday, Sep 29",OAK,@,SEA,2.0,4.0,85-74,3.0,7.5,N,-3
160,"Friday, Oct 1",OAK,@,HOU,8.0,6.0,86-74,3.0,7.0,N,1
161,"Saturday, Oct 2",OAK,@,HOU,4.0,10.0,86-75,3.0,8.0,N,-1
162,"Sunday, Oct 3",OAK,@,HOU,6.0,7.0,86-76,3.0,9.0,D,-2
